Workbook

Sheet DATOS
B1: ÁREAS TRIBUTARIAS Y CARGAS PARA STAAD — HANGAR NOSE-DOCK H5-H6 — DATOS (R3.7)
B2: Largueros y vigas de techo y largueros de muro del modelo 001_NOSE_DOCK_H5_H6_R3.7.STD (en el modelo: cm y kg)
B4: 1. CARGAS MUERTAS (TABLA DE CM DEL PROYECTO)
B5: Concepto | C5: Valor | D5: Unidad | E5: Cómo se calcula / de dónde sale | F5: Referencia
B6: Panel sándwich GLAMET (Metecno) PUR/PIR 1.5" — techo | C6: 9.32 | D6: kg/m² | E6: CAPTURA. Renglón 1 de la tabla de CM, columna Techos. | F6: Tabla de CM del proyecto (foto) · renglón 1
B7: Instalaciones generales (iluminación, datos) — techo | C7: 10 | D7: kg/m² | E7: CAPTURA. Renglón 2 de la tabla de CM, columna Techos. | F7: Tabla de CM del proyecto (foto) · renglón 2
B8: CM de techo | C8: =C6+C7 | D8: kg/m² | E8: CALCULADA = panel + instalaciones. No incluye el acero: ése lo mete STAAD con SELFWEIGHT. | F8: Tabla de CM del proyecto · total Techos (19.32)
B9: Lámina SSR KR-18 acanalada cal. 24 — muros | C9: 5.85 | D9: kg/m² | E9: CAPTURA. Renglón 3 de la tabla de CM, columna Muros. | F9: Tabla de CM del proyecto (foto) · renglón 3
B10: CM de muros | C10: =C9 | D10: kg/m² | E10: CALCULADA. Se aplica como carga vertical en los largueros de muro. | F10: Tabla de CM del proyecto · total Muros (5.85)
B12: 2. CARGA VIVA DE TECHO — RESESCO 1996
B13: La tabla del Reglamento cambia con la pendiente: hasta 5% (inciso h) w_m = 100, w_i = 50; más de 5% (inciso i) w_m = 20, w_i = 0 kg/m².
B14: Concepto | C14: Valor | D14: Unidad | E14: Cómo se calcula / de dónde sale | F14: Referencia
B15: Y del techo en el eje 1 (Z = 0) | C15: 10.43 | D15: m | E15: CAPTURA del modelo: nodos 7 y 8, Y = 1043 cm. | F15: 001_NOSE_DOCK_H5_H6_R3.7.STD · JOINT COORDINATES
B16: Y del techo en el eje 3 (Z = 16 m) | C16: 9.60002 | D16: m | E16: CAPTURA del modelo: nodos 9 y 10, Y = 960.002 cm. | F16: 001_NOSE_DOCK_H5_H6_R3.7.STD · JOINT COORDINATES
B17: L — largo en el sentido de la pendiente (eje 1 a eje 3) | C17: =C33-C31 | D17: m | E17: CALCULADA con los ejes de la sección 3 (Z de 0 a 1600 cm). | F17: 001_NOSE_DOCK_H5_H6_R3.7.STD · JOINT COORDINATES
B18: Pendiente del modelo = (Y₁ − Y₃) / L | C18: =(C15-C16)/C17 | D18: % | E18: CALCULADA con la geometría de STAAD (0.83 m de caída en 16 m). | F18: Geometría del modelo
B19: θ — ángulo del techo | C19: =DEGREES(ATAN(C18)) | D19: ° | E19: CALCULADA = arctan(pendiente). | F19: —
B20: Pendiente que rige (arquitectónico) | C20: 0.054 | D20: % | E20: CAPTURA. La que indicaste (5.4%); el modelo R3.7 da 5.19%. Las dos pasan de 5%: w_m y w_i se ajustan solos si la cambias. | F20: Arquitectónico (dato del proyecto)
B21: Inciso de la tabla que aplica | C21: =IF(C20>0.05,"i) pendiente mayor de 5%","h) pendiente no mayor de 5%") | D21: — | E21: CALCULADA con la pendiente que rige. | F21: RESESCO 1996 · Tabla de Cargas Vivas Unitarias Mínimas, incisos h) e i), pág. 12
B22: w_m — carga viva máxima (caso 2 CV) | C22: =IF(C20>0.05,20,100) | D22: kg/m² | E22: CALCULADA. Para diseño por gravedad (combinación 1.4CM + 1.7CV). | F22: RESESCO · Art. 25 num. 1, pág. 9 · Tabla, pág. 12
B23: w_i — carga viva instantánea (caso 3 CVR y masa sísmica) | C23: =IF(C20>0.05,0,50) | D23: kg/m² | E23: CALCULADA. Para sismo y viento; con 0 el caso 3 queda vacío y no suma masa. | F23: RESESCO · Art. 25 num. 2, pág. 10 · Tabla, pág. 12
B24: w — carga viva media | C24: =IF(C20>0.05,5,15) | D24: kg/m² | E24: CALCULADA. Sólo para deflexiones diferidas. | F24: RESESCO · Art. 25 num. 3, pág. 10 · Tabla, pág. 12
B25: Carga concentrada en elementos de cubierta | C25: 100 | D25: kg | E25: Revisión aparte de largueros y vigas de techo: 100 kg en la posición más crítica (no es un caso general de STAAD). | F25: RESESCO · Observación 5 a la tabla, pág. 13
B27: 3. GEOMETRÍA DEL MODELO
B28: Concepto | C28: Valor | D28: Unidad | E28: Cómo se calcula / de dónde sale | F28: Referencia
B29: Claro de largueros de techo (eje A a eje B) | C29: 10.08 | D29: m | E29: CAPTURA del modelo: X de 0 a 1008 cm. | F29: .STD R3.7 · nodos 7 y 8
B30: Mitad del claro (lo que cada larguero entrega a cada viga de alero) | C30: =C29/2 | D30: m | E30: CALCULADA. Ancho en X del área de las vigas VA y VB y de los nodos de cabeza de columna. | F30: Criterio de área tributaria
B31: Z del eje 1 | C31: 0 | D31: m | E31: CAPTURA del modelo. | F31: .STD R3.7 · nodos 1 y 4
B32: Z del eje 2 | C32: 10 | D32: m | E32: CAPTURA del modelo. Desde la R2.7 los marcos intermedios pasaron de 6.75 y 13.50 m a uno solo en 10.00 m. | F32: .STD R3.7 · nodos 2 y 5
B33: Z del eje 3 | C33: 16 | D33: m | E33: CAPTURA del modelo. | F33: .STD R3.7 · nodos 3 y 6
B34: Y del techo en el eje 2 (Z = 10 m) | C34: 9.91126 | D34: m | E34: CAPTURA del modelo: nodos 75 y 76, Y = 991.126 cm. | F34: .STD R3.7 · JOINT COORDINATES
B35: Factor por pendiente 1 / cos θ | C35: =1/COS(RADIANS(C19)) | D35: — | E35: CALCULADA. Las áreas van en proyección horizontal: este factor se desprecia. | F35: —
B36: Nivel del último larguero de muro | C36: 9.6 | D36: m | E36: CAPTURA del modelo: largueros de muro a 1.20, 2.40 … 9.60 m. | F36: .STD R3.7
B37: Franja de la base (baja directo a la cimentación) | C37: 0.6 | D37: m | E37: CALCULADA a mano = mitad de 1.20 m (del piso al primer larguero). No carga largueros. | F37: Criterio de área tributaria
B39: 4. CRITERIOS
B40: 1. Los PIPX7 del techo no se consideran portantes: cada larguero MC12-14 trabaja de alero a alero (10.08 m) y entrega la mitad a cada viga de alero MCC12-12.
B41: 2. En los ejes 1, 2 y 3 no hay larguero en el modelo: la franja de ese eje la toma directo la viga MCC12-12 del marco (VM-1 a VM-3).
B42: 3. Techo: franja de cada línea = mitad de la separación a cada lado. Muros: igual en vertical; la franja de abajo (0.00–0.60 m) baja directo a la base y la de arriba va a la viga de alero (ejes A y B) o a la VM-1 (eje 1). Los vanos no llevan lámina: la cortina carga su peso al dintel (miembro 234) y su viento a las jambas; la puerta de 1.22 × 2.40 carga su viento a su dintel (hoja de viento).
B43: 4. El eje 3 (Z = 16 m) no tiene largueros de muro en el modelo: se tomó sin muro (frente abierto).
B44: 5. En STAAD (R3.7): CM y CV de techo como UNI GY en cada larguero y viga con su franja b (hoja TECHO); muros como UNI GY con una carga por larguero completo (hoja MUROS), con la franja de VA y VB en un valor por tramo (tabla D); masa sísmica: techo en las 6 cabezas de columna (hoja NODOS_TECHO, FX y FZ) y muros y cortina en sus miembros (UNI GX y GZ).
B45: 6. R3.5 a R3.7: los largueros de muro van partidos en los contraflambeos (tramos 501 a 592) y las vigas de alero en 601 a 608; las cargas por metro son las mismas, sólo cambian las listas de miembros.
B47: 5. CORTINA DE ORUGA EN EL VANO DEL NOSE DOCK (MASA EN EL DINTEL, MIEMBRO 234)
B48: Concepto | C48: Valor | D48: Unidad | E48: Cómo se calcula / de dónde sale | F48: Referencia
B49: Peso unitario de la cortina metálica | C49: 12 | D49: kg/m² | E49: CAPTURA. Ficha: «peso = m² × 12 kg» (cortina metálica galvanizada 0.8 mm). Es de cortina enrollable: cámbialo con la ficha del proveedor de la plegable. | F49: Protec Ingeniería · Ficha técnica Cortina Metálica Motor Central · https://protecingenieria.cl/wp-content/uploads/2018/10/FIcha-Tecnica-Cortinas-Metalica-Motor-Central.pdf
B50: Ancho del vano (dintel entre nodos 69 y 70) | C50: =ROUND((742.001-232)/100,4) | D50: m | E50: CAPTURA del modelo: X de 232 a 742 cm. | F50: .STD R3.7 · JOINT COORDINATES
B51: Alto de la cortina (= alto del vano) | C51: 6.5 | D51: m | E51: CAPTURA del modelo: dintel a Y = 650 cm. | F51: .STD R3.7 · nodos 69 y 70
B52: Peso de la cortina | C52: =C49*C50*C51 | D52: kg | E52: CALCULADA = kg/m² × ancho × alto. Desde la R3.5 va como carga puntual: la mitad arriba de cada jamba (caso 1 y masa del caso 4). | F52: Ficha técnica (arriba)
B53: Mitad del peso de la cortina, arriba de cada jamba | C53: =C52/2 | D53: kg | E53: CALCULADA. Desde la R3.5 la cortina ya no va repartida en el dintel 234: la mitad va como carga puntual arriba de cada jamba (nodos 69 y 70): FY −198.9 en el caso 1 y FX = FZ = 198.9 en la masa del caso 4. | F53: .STD R3.7
B54: Nodos de arriba de las jambas (STAAD) | C54: 69 70 | D54: — | E54: CAPTURA del modelo: jambas en X = 2.32 y 7.42 m, dintel a Y = 6.50 m. | F54: Criterio de área tributaria
B56: 7. El peso propio del acero lo calcula STAAD (SELFWEIGHT Y −1 en el caso 1; SELFWEIGHT X 1 y Z 1 en la masa del caso 4). La CM y la CV de techo van en largueros y vigas; la masa sísmica del techo va puntual en las cabezas de columna.

Sheet TECHO
B1: TECHO — ÁREAS TRIBUTARIAS DE LARGUEROS MC12-14 Y VIGAS DE MARCO MCE12-12 (R3.7)
B2: Planta en proyección horizontal. Las líneas en X (largueros LT y vigas de marco VM) reciben su franja; las vigas de alero VA y VB reciben la mitad del claro de cada larguero. Mismas áreas que el DXF R2.9. En STAAD la CM y la CV van en UNI GY en cada línea con su franja b (hoja STAAD); la masa del techo va a las cabezas de columna (hoja NODOS_TECHO).
B4: A. LÍNEAS EN X — LARGUEROS LT Y VIGAS DE MARCO VM
B5: ID | C5: Elemento | D5: Perfil | E5: Z (m) | F5: Franja desde (m) | G5: Franja hasta (m) | H5: b (m) | I5: Claro (m) | J5: A (m²) | K5: w CM (kg/m) | L5: w CV (kg/m) | M5: w CVi (kg/m) | N5: R extremo CM (kg) | O5: R extremo CV (kg) | P5: Miembros STAAD | Q5: Referencia
E6: del modelo | F6: (Z ant. + Z)/2 | G6: (Z + Z sig.)/2 | H6: hasta − desde | I6: DATOS C29 | J6: b × claro | K6: CM techo × b | L6: w_m × b | M6: w_i × b | N6: w CM × claro/2 | O6: w CV × claro/2 | P6: del .STD
B7: VM-1 | C7: Viga de marco eje 1 | D7: MCE12-12 | E7: 0 | F7: =E7 | G7: =(E7+E8)/2 | H7: =G7-F7 | I7: =DATOS!$C$29 | J7: =H7*I7 | K7: =DATOS!$C$8*H7 | L7: =DATOS!$C$22*H7 | M7: =DATOS!$C$23*H7 | N7: =K7*I7/2 | O7: =L7*I7/2 | P7: 11 48 TO 51 | Q7: .STD R3.7 · nodos 7 a 8 (Z = 0 cm)
B8: LT-1 | C8: Larguero de techo | D8: MC12-14 | E8: 1 | F8: =(E7+E8)/2 | G8: =(E8+E9)/2 | H8: =G8-F8 | I8: =DATOS!$C$29 | J8: =H8*I8 | K8: =DATOS!$C$8*H8 | L8: =DATOS!$C$22*H8 | M8: =DATOS!$C$23*H8 | N8: =K8*I8/2 | O8: =L8*I8/2 | P8: 327 372 TO 375 | Q8: .STD R3.7 · nodos 170 a 176 (Z = 100 cm)
B9: LT-2 | C9: Larguero de techo | D9: MC12-14 | E9: 2.5 | F9: =(E8+E9)/2 | G9: =(E9+E10)/2 | H9: =G9-F9 | I9: =DATOS!$C$29 | J9: =H9*I9 | K9: =DATOS!$C$8*H9 | L9: =DATOS!$C$22*H9 | M9: =DATOS!$C$23*H9 | N9: =K9*I9/2 | O9: =L9*I9/2 | P9: 326 368 TO 371 | Q9: .STD R3.7 · nodos 169 a 175 (Z = 250 cm)
B10: LT-3 | C10: Larguero de techo | D10: MC12-14 | E10: 4 | F10: =(E9+E10)/2 | G10: =(E10+E11)/2 | H10: =G10-F10 | I10: =DATOS!$C$29 | J10: =H10*I10 | K10: =DATOS!$C$8*H10 | L10: =DATOS!$C$22*H10 | M10: =DATOS!$C$23*H10 | N10: =K10*I10/2 | O10: =L10*I10/2 | P10: 325 364 TO 367 | Q10: .STD R3.7 · nodos 168 a 174 (Z = 400 cm)
B11: LT-4 | C11: Larguero de techo | D11: MC12-14 | E11: 5.5 | F11: =(E10+E11)/2 | G11: =(E11+E12)/2 | H11: =G11-F11 | I11: =DATOS!$C$29 | J11: =H11*I11 | K11: =DATOS!$C$8*H11 | L11: =DATOS!$C$22*H11 | M11: =DATOS!$C$23*H11 | N11: =K11*I11/2 | O11: =L11*I11/2 | P11: 324 360 TO 363 | Q11: .STD R3.7 · nodos 167 a 173 (Z = 550 cm)
B12: LT-5 | C12: Larguero de techo | D12: MC12-14 | E12: 7 | F12: =(E11+E12)/2 | G12: =(E12+E13)/2 | H12: =G12-F12 | I12: =DATOS!$C$29 | J12: =H12*I12 | K12: =DATOS!$C$8*H12 | L12: =DATOS!$C$22*H12 | M12: =DATOS!$C$23*H12 | N12: =K12*I12/2 | O12: =L12*I12/2 | P12: 323 356 TO 359 | Q12: .STD R3.7 · nodos 166 a 172 (Z = 700 cm)
B13: LT-6 | C13: Larguero de techo | D13: MC12-14 | E13: 8.5 | F13: =(E12+E13)/2 | G13: =(E13+E14)/2 | H13: =G13-F13 | I13: =DATOS!$C$29 | J13: =H13*I13 | K13: =DATOS!$C$8*H13 | L13: =DATOS!$C$22*H13 | M13: =DATOS!$C$23*H13 | N13: =K13*I13/2 | O13: =L13*I13/2 | P13: 322 352 TO 355 | Q13: .STD R3.7 · nodos 165 a 171 (Z = 850 cm)
B14: VM-2 | C14: Viga de marco eje 2 | D14: MCE12-12 | E14: 10 | F14: =(E13+E14)/2 | G14: =(E14+E15)/2 | H14: =G14-F14 | I14: =DATOS!$C$29 | J14: =H14*I14 | K14: =DATOS!$C$8*H14 | L14: =DATOS!$C$22*H14 | M14: =DATOS!$C$23*H14 | N14: =K14*I14/2 | O14: =L14*I14/2 | P14: 74 121 TO 124 | Q14: .STD R3.7 · nodos 75 a 76 (Z = 1000 cm)
B15: LT-7 | C15: Larguero de techo | D15: MC12-14 | E15: 11.5 | F15: =(E14+E15)/2 | G15: =(E15+E16)/2 | H15: =G15-F15 | I15: =DATOS!$C$29 | J15: =H15*I15 | K15: =DATOS!$C$8*H15 | L15: =DATOS!$C$22*H15 | M15: =DATOS!$C$23*H15 | N15: =K15*I15/2 | O15: =L15*I15/2 | P15: 287 318 TO 321 | Q15: .STD R3.7 · nodos 133 a 136 (Z = 1150 cm)
B16: LT-8 | C16: Larguero de techo | D16: MC12-14 | E16: 13 | F16: =(E15+E16)/2 | G16: =(E16+E17)/2 | H16: =G16-F16 | I16: =DATOS!$C$29 | J16: =H16*I16 | K16: =DATOS!$C$8*H16 | L16: =DATOS!$C$22*H16 | M16: =DATOS!$C$23*H16 | N16: =K16*I16/2 | O16: =L16*I16/2 | P16: 286 314 TO 317 | Q16: .STD R3.7 · nodos 134 a 137 (Z = 1300 cm)
B17: LT-9 | C17: Larguero de techo | D17: MC12-14 | E17: 14.5 | F17: =(E16+E17)/2 | G17: =(E17+E18)/2 | H17: =G17-F17 | I17: =DATOS!$C$29 | J17: =H17*I17 | K17: =DATOS!$C$8*H17 | L17: =DATOS!$C$22*H17 | M17: =DATOS!$C$23*H17 | N17: =K17*I17/2 | O17: =L17*I17/2 | P17: 285 310 TO 313 | Q17: .STD R3.7 · nodos 135 a 138 (Z = 1450 cm)
B18: VM-3 | C18: Viga de marco eje 3 | D18: MCE12-12 | E18: 16 | F18: =(E17+E18)/2 | G18: =E18 | H18: =G18-F18 | I18: =DATOS!$C$29 | J18: =H18*I18 | K18: =DATOS!$C$8*H18 | L18: =DATOS!$C$22*H18 | M18: =DATOS!$C$23*H18 | N18: =K18*I18/2 | O18: =L18*I18/2 | P18: 12 52 TO 55 | Q18: .STD R3.7 · nodos 9 a 10 (Z = 1600 cm)
B19: Total | C19: Suma de áreas de techo (debe dar claro × largo = 10.08 × 16.00) | J19: =SUM(J7:J18) | K19: =IF(ABS(J19-DATOS!$C$29*(DATOS!$C$33-DATOS!$C$31))<0.01,"CUADRA","NO CUADRA")
B21: B. VIGAS DE ALERO MCE12-12 (EJES A Y B) — RECIBEN LA MITAD DE CADA LARGUERO
B22: Área = franja en Z de los largueros que se le apoyan × mitad del claro de los largueros. Sirve para diseñar las vigas de alero.
B23: ID | C23: Eje y tramo | D23: Perfil | E23: Largueros que recibe | F23: Franja desde (m) | G23: Franja hasta (m) | H23: Ancho en Z (m) | I23: Ancho en X (m) | J23: A (m²) | K23: CM total (kg) | L23: CV total (kg) | M23: Nº de largueros | N23: R CM por larguero (kg) | O23: R CV por larguero (kg) | P23: Miembros STAAD | Q23: Referencia
F24: del 1er larguero | G24: del último larguero | H24: hasta − desde | I24: DATOS C30 | J24: Z × X | K24: CM techo × A | L24: w_m × A | N24: CM total ÷ Nº | O24: CV total ÷ Nº | P24: del .STD
B25: VA-1 | C25: Eje A, tramo 1-2 | D25: MCE12-12 | E25: LT-1 a LT-6 | F25: =F8 | G25: =G13 | H25: =G25-F25 | I25: =DATOS!$C$30 | J25: =H25*I25 | K25: =DATOS!$C$8*J25 | L25: =DATOS!$C$22*J25 | M25: 6 | N25: =K25/M25 | O25: =L25/M25 | P25: 241 269 TO 274 605 606 | Q25: .STD R3.7 · X = 0 cm, Z 0 a 1000 cm
B26: VA-2 | C26: Eje A, tramo 2-3 | D26: MCE12-12 | E26: LT-7 a LT-9 | F26: =F15 | G26: =G17 | H26: =G26-F26 | I26: =DATOS!$C$30 | J26: =H26*I26 | K26: =DATOS!$C$8*J26 | L26: =DATOS!$C$22*J26 | M26: 3 | N26: =K26/M26 | O26: =L26/M26 | P26: 243 245 TO 247 601 602 | Q26: .STD R3.7 · X = 0 cm, Z 1000 a 1600 cm
B27: VB-1 | C27: Eje B, tramo 1-2 | D27: MCE12-12 | E27: LT-1 a LT-6 | F27: =F8 | G27: =G13 | H27: =G27-F27 | I27: =DATOS!$C$30 | J27: =H27*I27 | K27: =DATOS!$C$8*J27 | L27: =DATOS!$C$22*J27 | M27: 6 | N27: =K27/M27 | O27: =L27/M27 | P27: 242 275 TO 280 607 608 | Q27: .STD R3.7 · X = 1008 cm, Z 0 a 1000 cm
B28: VB-2 | C28: Eje B, tramo 2-3 | D28: MCE12-12 | E28: LT-7 a LT-9 | F28: =F15 | G28: =G17 | H28: =G28-F28 | I28: =DATOS!$C$30 | J28: =H28*I28 | K28: =DATOS!$C$8*J28 | L28: =DATOS!$C$22*J28 | M28: 3 | N28: =K28/M28 | O28: =L28/M28 | P28: 244 248 TO 250 603 604 | Q28: .STD R3.7 · X = 1008 cm, Z 1000 a 1600 cm
B29: Total | C29: Vigas de alero + franjas directas de VM (debe dar el total del techo) | J29: =SUM(J25:J28)+J7+J14+J18 | K29: =IF(ABS(J29-J19)<0.01,"CUADRA","NO CUADRA")

Sheet MUROS
B1: MUROS — ÁREAS TRIBUTARIAS DE LARGUEROS DE MURO
B2: Elevaciones de los muros de los ejes A, B (laterales) y 1 (frontal). Franja de cada larguero = mitad de la distancia al miembro de abajo y al de arriba. Carga vertical de la lámina (CM de muros). El eje 3 (Z = 16 m) no tiene largueros en el modelo (frente abierto).
B4: A. MUROS LATERALES — EJE A (X = 0) Y EJE B (X = 10.08 m) — LARGUEROS MCC10-14
B5: ID | C5: Muro | D5: Nivel | E5: Y larguero (m) | F5: Tramo (ejes) | G5: L (m) | H5: Y abajo (m) | I5: Y arriba inicio (m) | J5: Y arriba fin (m) | K5: Franja desde (m) | L5: Franja hasta inicio (m) | M5: Franja hasta fin (m) | N5: h (m) | O5: A (m²) | P5: w CM (kg/m) | Q5: STAAD CM (kg/cm) | R5: Miembro STAAD | S5: Referencia
E6: del modelo | G6: del modelo | H6: miembro de abajo (0 = base) | I6: miembro de arriba | J6: miembro de arriba | K6: (Y ab. + Y)/2 | L6: (Y + Y arr.)/2 | M6: (Y + Y arr.)/2 | N6: promedio | O6: L × h | P6: CM muros × h | Q6: −w ÷ 100 | R6: del .STD
B7: LA-1.1 | C7: Eje A | D7: 1 | E7: 1.2 | F7: 1-2 | G7: =DATOS!$C$32-DATOS!$C$31 | H7: 0 | I7: 2.4 | J7: 2.4 | K7: =(H7+E7)/2 | L7: =(E7+I7)/2 | M7: =(E7+J7)/2 | N7: =(L7+M7)/2-K7 | O7: =G7*N7 | P7: =DATOS!$C$10*N7 | Q7: =-P7/100 | R7: 16 501 TO 503 | S7: .STD R3.7 · nodos 11–12
B8: LA-1.2 | C8: Eje A | D8: 1 | E8: 1.2 | F8: 2-3 | G8: =DATOS!$C$33-DATOS!$C$32 | H8: 0 | I8: 2.4 | J8: 2.4 | K8: =(H8+E8)/2 | L8: =(E8+I8)/2 | M8: =(E8+J8)/2 | N8: =(L8+M8)/2-K8 | O8: =G8*N8 | P8: =DATOS!$C$10*N8 | Q8: =-P8/100 | R8: 199 549 550 | S8: .STD R3.7 · nodos 12–13
B9: LA-2.1 | C9: Eje A | D9: 2 | E9: 2.4 | F9: 1-2 | G9: =DATOS!$C$32-DATOS!$C$31 | H9: 1.2 | I9: 3.6 | J9: 3.6 | K9: =(H9+E9)/2 | L9: =(E9+I9)/2 | M9: =(E9+J9)/2 | N9: =(L9+M9)/2-K9 | O9: =G9*N9 | P9: =DATOS!$C$10*N9 | Q9: =-P9/100 | R9: 20 507 TO 509 | S9: .STD R3.7 · nodos 17–18
B10: LA-2.2 | C10: Eje A | D10: 2 | E10: 2.4 | F10: 2-3 | G10: =DATOS!$C$33-DATOS!$C$32 | H10: 1.2 | I10: 3.6 | J10: 3.6 | K10: =(H10+E10)/2 | L10: =(E10+I10)/2 | M10: =(E10+J10)/2 | N10: =(L10+M10)/2-K10 | O10: =G10*N10 | P10: =DATOS!$C$10*N10 | Q10: =-P10/100 | R10: 201 553 554 | S10: .STD R3.7 · nodos 18–19
B11: LA-3.1 | C11: Eje A | D11: 3 | E11: 3.6 | F11: 1-2 | G11: =DATOS!$C$32-DATOS!$C$31 | H11: 2.4 | I11: 4.8 | J11: 4.8 | K11: =(H11+E11)/2 | L11: =(E11+I11)/2 | M11: =(E11+J11)/2 | N11: =(L11+M11)/2-K11 | O11: =G11*N11 | P11: =DATOS!$C$10*N11 | Q11: =-P11/100 | R11: 24 513 TO 515 | S11: .STD R3.7 · nodos 23–24
B12: LA-3.2 | C12: Eje A | D12: 3 | E12: 3.6 | F12: 2-3 | G12: =DATOS!$C$33-DATOS!$C$32 | H12: 2.4 | I12: 4.8 | J12: 4.8 | K12: =(H12+E12)/2 | L12: =(E12+I12)/2 | M12: =(E12+J12)/2 | N12: =(L12+M12)/2-K12 | O12: =G12*N12 | P12: =DATOS!$C$10*N12 | Q12: =-P12/100 | R12: 205 557 558 | S12: .STD R3.7 · nodos 24–25
B13: LA-4.1 | C13: Eje A | D13: 4 | E13: 4.8 | F13: 1-2 | G13: =DATOS!$C$32-DATOS!$C$31 | H13: 3.6 | I13: 6 | J13: 6 | K13: =(H13+E13)/2 | L13: =(E13+I13)/2 | M13: =(E13+J13)/2 | N13: =(L13+M13)/2-K13 | O13: =G13*N13 | P13: =DATOS!$C$10*N13 | Q13: =-P13/100 | R13: 28 519 TO 521 | S13: .STD R3.7 · nodos 29–30
B14: LA-4.2 | C14: Eje A | D14: 4 | E14: 4.8 | F14: 2-3 | G14: =DATOS!$C$33-DATOS!$C$32 | H14: 3.6 | I14: 6 | J14: 6 | K14: =(H14+E14)/2 | L14: =(E14+I14)/2 | M14: =(E14+J14)/2 | N14: =(L14+M14)/2-K14 | O14: =G14*N14 | P14: =DATOS!$C$10*N14 | Q14: =-P14/100 | R14: 207 561 562 | S14: .STD R3.7 · nodos 30–31
B15: LA-5.1 | C15: Eje A | D15: 5 | E15: 6 | F15: 1-2 | G15: =DATOS!$C$32-DATOS!$C$31 | H15: 4.8 | I15: 7.2 | J15: 7.2 | K15: =(H15+E15)/2 | L15: =(E15+I15)/2 | M15: =(E15+J15)/2 | N15: =(L15+M15)/2-K15 | O15: =G15*N15 | P15: =DATOS!$C$10*N15 | Q15: =-P15/100 | R15: 32 525 TO 527 | S15: .STD R3.7 · nodos 35–36
B16: LA-5.2 | C16: Eje A | D16: 5 | E16: 6 | F16: 2-3 | G16: =DATOS!$C$33-DATOS!$C$32 | H16: 4.8 | I16: 7.2 | J16: 7.2 | K16: =(H16+E16)/2 | L16: =(E16+I16)/2 | M16: =(E16+J16)/2 | N16: =(L16+M16)/2-K16 | O16: =G16*N16 | P16: =DATOS!$C$10*N16 | Q16: =-P16/100 | R16: 209 565 566 | S16: .STD R3.7 · nodos 36–37
B17: LA-6.1 | C17: Eje A | D17: 6 | E17: 7.2 | F17: 1-2 | G17: =DATOS!$C$32-DATOS!$C$31 | H17: 6 | I17: 8.4 | J17: 8.4 | K17: =(H17+E17)/2 | L17: =(E17+I17)/2 | M17: =(E17+J17)/2 | N17: =(L17+M17)/2-K17 | O17: =G17*N17 | P17: =DATOS!$C$10*N17 | Q17: =-P17/100 | R17: 36 531 TO 533 | S17: .STD R3.7 · nodos 41–42
B18: LA-6.2 | C18: Eje A | D18: 6 | E18: 7.2 | F18: 2-3 | G18: =DATOS!$C$33-DATOS!$C$32 | H18: 6 | I18: 8.4 | J18: 8.4 | K18: =(H18+E18)/2 | L18: =(E18+I18)/2 | M18: =(E18+J18)/2 | N18: =(L18+M18)/2-K18 | O18: =G18*N18 | P18: =DATOS!$C$10*N18 | Q18: =-P18/100 | R18: 211 569 570 | S18: .STD R3.7 · nodos 42–43
B19: LA-7.1 | C19: Eje A | D19: 7 | E19: 8.4 | F19: 1-2 | G19: =DATOS!$C$32-DATOS!$C$31 | H19: 7.2 | I19: 9.6 | J19: 9.6 | K19: =(H19+E19)/2 | L19: =(E19+I19)/2 | M19: =(E19+J19)/2 | N19: =(L19+M19)/2-K19 | O19: =G19*N19 | P19: =DATOS!$C$10*N19 | Q19: =-P19/100 | R19: 40 537 TO 539 | S19: .STD R3.7 · nodos 47–48
B20: LA-7.2 | C20: Eje A | D20: 7 | E20: 8.4 | F20: 2-3 | G20: =DATOS!$C$33-DATOS!$C$32 | H20: 7.2 | I20: 9.6 | J20: 9.6 | K20: =(H20+E20)/2 | L20: =(E20+I20)/2 | M20: =(E20+J20)/2 | N20: =(L20+M20)/2-K20 | O20: =G20*N20 | P20: =DATOS!$C$10*N20 | Q20: =-P20/100 | R20: 213 573 574 | S20: .STD R3.7 · nodos 48–49
B21: LA-8.1 | C21: Eje A | D21: 8 | E21: 9.6 | F21: 1-2 | G21: =DATOS!$C$32-DATOS!$C$31 | H21: 8.4 | I21: =DATOS!$C$15 | J21: =DATOS!$C$34 | K21: =(H21+E21)/2 | L21: =(E21+I21)/2 | M21: =(E21+J21)/2 | N21: =(L21+M21)/2-K21 | O21: =G21*N21 | P21: =DATOS!$C$10*N21 | Q21: =-P21/100 | R21: 44 543 TO 545 | S21: .STD R3.7 · nodos 53–131 · arriba: alero inclinado
B22: LA-8.2 | C22: Eje A | D22: 8 | E22: 9.6 | F22: 2-3 | G22: =DATOS!$C$33-DATOS!$C$32 | H22: 8.4 | I22: =DATOS!$C$34 | J22: =DATOS!$C$16 | K22: =(H22+E22)/2 | L22: =(E22+I22)/2 | M22: =(E22+J22)/2 | N22: =(L22+M22)/2-K22 | O22: =G22*N22 | P22: =DATOS!$C$10*N22 | Q22: =-P22/100 | R22: 215 577 578 | S22: .STD R3.7 · nodos 131–9 · arriba: alero inclinado
B23: LB-1.1 | C23: Eje B | D23: 1 | E23: 1.2 | F23: 1-2 | G23: =DATOS!$C$32-DATOS!$C$31 | H23: 0 | I23: 2.4 | J23: 2.4 | K23: =(H23+E23)/2 | L23: =(E23+I23)/2 | M23: =(E23+J23)/2 | N23: =(L23+M23)/2-K23 | O23: =G23*N23 | P23: =DATOS!$C$10*N23 | Q23: =-P23/100 | R23: 17 504 TO 506 | S23: .STD R3.7 · nodos 14–15
B24: LB-1.2 | C24: Eje B | D24: 1 | E24: 1.2 | F24: 2-3 | G24: =DATOS!$C$33-DATOS!$C$32 | H24: 0 | I24: 2.4 | J24: 2.4 | K24: =(H24+E24)/2 | L24: =(E24+I24)/2 | M24: =(E24+J24)/2 | N24: =(L24+M24)/2-K24 | O24: =G24*N24 | P24: =DATOS!$C$10*N24 | Q24: =-P24/100 | R24: 200 551 552 | S24: .STD R3.7 · nodos 15–16
B25: LB-2.1 | C25: Eje B | D25: 2 | E25: 2.4 | F25: 1-2 | G25: =DATOS!$C$32-DATOS!$C$31 | H25: 1.2 | I25: 3.6 | J25: 3.6 | K25: =(H25+E25)/2 | L25: =(E25+I25)/2 | M25: =(E25+J25)/2 | N25: =(L25+M25)/2-K25 | O25: =G25*N25 | P25: =DATOS!$C$10*N25 | Q25: =-P25/100 | R25: 21 510 TO 512 | S25: .STD R3.7 · nodos 20–21
B26: LB-2.2 | C26: Eje B | D26: 2 | E26: 2.4 | F26: 2-3 | G26: =DATOS!$C$33-DATOS!$C$32 | H26: 1.2 | I26: 3.6 | J26: 3.6 | K26: =(H26+E26)/2 | L26: =(E26+I26)/2 | M26: =(E26+J26)/2 | N26: =(L26+M26)/2-K26 | O26: =G26*N26 | P26: =DATOS!$C$10*N26 | Q26: =-P26/100 | R26: 202 555 556 | S26: .STD R3.7 · nodos 21–22
B27: LB-3.1 | C27: Eje B | D27: 3 | E27: 3.6 | F27: 1-2 | G27: =DATOS!$C$32-DATOS!$C$31 | H27: 2.4 | I27: 4.8 | J27: 4.8 | K27: =(H27+E27)/2 | L27: =(E27+I27)/2 | M27: =(E27+J27)/2 | N27: =(L27+M27)/2-K27 | O27: =G27*N27 | P27: =DATOS!$C$10*N27 | Q27: =-P27/100 | R27: 25 516 TO 518 | S27: .STD R3.7 · nodos 26–27
B28: LB-3.2 | C28: Eje B | D28: 3 | E28: 3.6 | F28: 2-3 | G28: =DATOS!$C$33-DATOS!$C$32 | H28: 2.4 | I28: 4.8 | J28: 4.8 | K28: =(H28+E28)/2 | L28: =(E28+I28)/2 | M28: =(E28+J28)/2 | N28: =(L28+M28)/2-K28 | O28: =G28*N28 | P28: =DATOS!$C$10*N28 | Q28: =-P28/100 | R28: 206 559 560 | S28: .STD R3.7 · nodos 27–28
B29: LB-4.1 | C29: Eje B | D29: 4 | E29: 4.8 | F29: 1-2 | G29: =DATOS!$C$32-DATOS!$C$31 | H29: 3.6 | I29: 6 | J29: 6 | K29: =(H29+E29)/2 | L29: =(E29+I29)/2 | M29: =(E29+J29)/2 | N29: =(L29+M29)/2-K29 | O29: =G29*N29 | P29: =DATOS!$C$10*N29 | Q29: =-P29/100 | R29: 29 522 TO 524 | S29: .STD R3.7 · nodos 32–33
B30: LB-4.2 | C30: Eje B | D30: 4 | E30: 4.8 | F30: 2-3 | G30: =DATOS!$C$33-DATOS!$C$32 | H30: 3.6 | I30: 6 | J30: 6 | K30: =(H30+E30)/2 | L30: =(E30+I30)/2 | M30: =(E30+J30)/2 | N30: =(L30+M30)/2-K30 | O30: =G30*N30 | P30: =DATOS!$C$10*N30 | Q30: =-P30/100 | R30: 208 563 564 | S30: .STD R3.7 · nodos 33–34
B31: LB-5.1 | C31: Eje B | D31: 5 | E31: 6 | F31: 1-2 | G31: =DATOS!$C$32-DATOS!$C$31 | H31: 4.8 | I31: 7.2 | J31: 7.2 | K31: =(H31+E31)/2 | L31: =(E31+I31)/2 | M31: =(E31+J31)/2 | N31: =(L31+M31)/2-K31 | O31: =G31*N31 | P31: =DATOS!$C$10*N31 | Q31: =-P31/100 | R31: 33 528 TO 530 | S31: .STD R3.7 · nodos 38–39
B32: LB-5.2 | C32: Eje B | D32: 5 | E32: 6 | F32: 2-3 | G32: =DATOS!$C$33-DATOS!$C$32 | H32: 4.8 | I32: 7.2 | J32: 7.2 | K32: =(H32+E32)/2 | L32: =(E32+I32)/2 | M32: =(E32+J32)/2 | N32: =(L32+M32)/2-K32 | O32: =G32*N32 | P32: =DATOS!$C$10*N32 | Q32: =-P32/100 | R32: 210 567 568 | S32: .STD R3.7 · nodos 39–40
B33: LB-6.1 | C33: Eje B | D33: 6 | E33: 7.2 | F33: 1-2 | G33: =DATOS!$C$32-DATOS!$C$31 | H33: 6 | I33: 8.4 | J33: 8.4 | K33: =(H33+E33)/2 | L33: =(E33+I33)/2 | M33: =(E33+J33)/2 | N33: =(L33+M33)/2-K33 | O33: =G33*N33 | P33: =DATOS!$C$10*N33 | Q33: =-P33/100 | R33: 37 534 TO 536 | S33: .STD R3.7 · nodos 44–45
B34: LB-6.2 | C34: Eje B | D34: 6 | E34: 7.2 | F34: 2-3 | G34: =DATOS!$C$33-DATOS!$C$32 | H34: 6 | I34: 8.4 | J34: 8.4 | K34: =(H34+E34)/2 | L34: =(E34+I34)/2 | M34: =(E34+J34)/2 | N34: =(L34+M34)/2-K34 | O34: =G34*N34 | P34: =DATOS!$C$10*N34 | Q34: =-P34/100 | R34: 212 571 572 | S34: .STD R3.7 · nodos 45–46
B35: LB-7.1 | C35: Eje B | D35: 7 | E35: 8.4 | F35: 1-2 | G35: =DATOS!$C$32-DATOS!$C$31 | H35: 7.2 | I35: 9.6 | J35: 9.6 | K35: =(H35+E35)/2 | L35: =(E35+I35)/2 | M35: =(E35+J35)/2 | N35: =(L35+M35)/2-K35 | O35: =G35*N35 | P35: =DATOS!$C$10*N35 | Q35: =-P35/100 | R35: 41 540 TO 542 | S35: .STD R3.7 · nodos 50–51
B36: LB-7.2 | C36: Eje B | D36: 7 | E36: 8.4 | F36: 2-3 | G36: =DATOS!$C$33-DATOS!$C$32 | H36: 7.2 | I36: 9.6 | J36: 9.6 | K36: =(H36+E36)/2 | L36: =(E36+I36)/2 | M36: =(E36+J36)/2 | N36: =(L36+M36)/2-K36 | O36: =G36*N36 | P36: =DATOS!$C$10*N36 | Q36: =-P36/100 | R36: 214 575 576 | S36: .STD R3.7 · nodos 51–52
B37: LB-8.1 | C37: Eje B | D37: 8 | E37: 9.6 | F37: 1-2 | G37: =DATOS!$C$32-DATOS!$C$31 | H37: 8.4 | I37: =DATOS!$C$15 | J37: =DATOS!$C$34 | K37: =(H37+E37)/2 | L37: =(E37+I37)/2 | M37: =(E37+J37)/2 | N37: =(L37+M37)/2-K37 | O37: =G37*N37 | P37: =DATOS!$C$10*N37 | Q37: =-P37/100 | R37: 45 546 TO 548 | S37: .STD R3.7 · nodos 55–132 · arriba: alero inclinado
B38: LB-8.2 | C38: Eje B | D38: 8 | E38: 9.6 | F38: 2-3 | G38: =DATOS!$C$33-DATOS!$C$32 | H38: 8.4 | I38: =DATOS!$C$34 | J38: =DATOS!$C$16 | K38: =(H38+E38)/2 | L38: =(E38+I38)/2 | M38: =(E38+J38)/2 | N38: =(L38+M38)/2-K38 | O38: =G38*N38 | P38: =DATOS!$C$10*N38 | Q38: =-P38/100 | R38: 216 579 580 | S38: .STD R3.7 · nodos 132–10 · arriba: alero inclinado
B39: Total | C39: Área de muros laterales en largueros (ejes A y B) | O39: =SUM(O7:O38)
B41: B. FRANJA SUPERIOR DE MUROS LATERALES → VIGAS DE ALERO VA Y VB (POR MIEMBRO)
B42: Arriba del último larguero (Y = 9.60 m) la mitad de la lámina cuelga de la viga de alero. Como el alero baja 5.2%, la franja cambia a lo largo: se toma el promedio de cada miembro.
B43: Viga | C43: Muro | E43: Miembro STAAD | F43: Z inicio (m) | G43: Z fin (m) | H43: L (m) | I43: Y alero inicio (m) | J43: Y alero fin (m) | K43: Y último larguero (m) | L43: h inicio (m) | M43: h fin (m) | N43: h (m) | O43: A (m²) | P43: w CM (kg/m) | Q43: STAAD CM (kg/cm) | S43: Referencia
E44: del .STD | F44: del modelo | G44: del modelo | H44: fin − inicio | I44: del modelo | J44: del modelo | K44: DATOS C36 | L44: (Y al. − Y)/2 | M44: (Y al. − Y)/2 | N44: promedio | O44: L × h | P44: CM muros × h | Q44: −w ÷ 100
B45: VA-1 | C45: Eje A | E45: 241 | F45: 0 | G45: 1 | H45: =G45-F45 | I45: =DATOS!$C$15-(DATOS!$C$15-DATOS!$C$34)*F45/DATOS!$C$32 | J45: =DATOS!$C$15-(DATOS!$C$15-DATOS!$C$34)*G45/DATOS!$C$32 | K45: =DATOS!$C$36 | L45: =(I45-K45)/2 | M45: =(J45-K45)/2 | N45: =(L45+M45)/2 | O45: =H45*N45 | P45: =DATOS!$C$10*N45 | Q45: =-P45/100 | S45: .STD R3.7 · X = 0, Z 0 a 100 cm
B46: VA-1 | C46: Eje A | E46: 274 | F46: 1 | G46: 2.5 | H46: =G46-F46 | I46: =DATOS!$C$15-(DATOS!$C$15-DATOS!$C$34)*F46/DATOS!$C$32 | J46: =DATOS!$C$15-(DATOS!$C$15-DATOS!$C$34)*G46/DATOS!$C$32 | K46: =DATOS!$C$36 | L46: =(I46-K46)/2 | M46: =(J46-K46)/2 | N46: =(L46+M46)/2 | O46: =H46*N46 | P46: =DATOS!$C$10*N46 | Q46: =-P46/100 | S46: .STD R3.7 · X = 0, Z 100 a 250 cm
B47: VA-1 | C47: Eje A | E47: 273 | F47: 2.5 | G47: 4 | H47: =G47-F47 | I47: =DATOS!$C$15-(DATOS!$C$15-DATOS!$C$34)*F47/DATOS!$C$32 | J47: =DATOS!$C$15-(DATOS!$C$15-DATOS!$C$34)*G47/DATOS!$C$32 | K47: =DATOS!$C$36 | L47: =(I47-K47)/2 | M47: =(J47-K47)/2 | N47: =(L47+M47)/2 | O47: =H47*N47 | P47: =DATOS!$C$10*N47 | Q47: =-P47/100 | S47: .STD R3.7 · X = 0, Z 250 a 400 cm
B48: VA-1 | C48: Eje A | E48: 272 | F48: 4 | G48: 5.5 | H48: =G48-F48 | I48: =DATOS!$C$15-(DATOS!$C$15-DATOS!$C$34)*F48/DATOS!$C$32 | J48: =DATOS!$C$15-(DATOS!$C$15-DATOS!$C$34)*G48/DATOS!$C$32 | K48: =DATOS!$C$36 | L48: =(I48-K48)/2 | M48: =(J48-K48)/2 | N48: =(L48+M48)/2 | O48: =H48*N48 | P48: =DATOS!$C$10*N48 | Q48: =-P48/100 | S48: .STD R3.7 · X = 0, Z 400 a 550 cm
B49: VA-1 | C49: Eje A | E49: 271 | F49: 5.5 | G49: 7 | H49: =G49-F49 | I49: =DATOS!$C$15-(DATOS!$C$15-DATOS!$C$34)*F49/DATOS!$C$32 | J49: =DATOS!$C$15-(DATOS!$C$15-DATOS!$C$34)*G49/DATOS!$C$32 | K49: =DATOS!$C$36 | L49: =(I49-K49)/2 | M49: =(J49-K49)/2 | N49: =(L49+M49)/2 | O49: =H49*N49 | P49: =DATOS!$C$10*N49 | Q49: =-P49/100 | S49: .STD R3.7 · X = 0, Z 550 a 700 cm
B50: VA-1 | C50: Eje A | E50: 270 | F50: 7 | G50: 8.5 | H50: =G50-F50 | I50: =DATOS!$C$15-(DATOS!$C$15-DATOS!$C$34)*F50/DATOS!$C$32 | J50: =DATOS!$C$15-(DATOS!$C$15-DATOS!$C$34)*G50/DATOS!$C$32 | K50: =DATOS!$C$36 | L50: =(I50-K50)/2 | M50: =(J50-K50)/2 | N50: =(L50+M50)/2 | O50: =H50*N50 | P50: =DATOS!$C$10*N50 | Q50: =-P50/100 | S50: .STD R3.7 · X = 0, Z 700 a 850 cm
B51: VA-1 | C51: Eje A | E51: 269 | F51: 8.5 | G51: 10 | H51: =G51-F51 | I51: =DATOS!$C$15-(DATOS!$C$15-DATOS!$C$34)*F51/DATOS!$C$32 | J51: =DATOS!$C$15-(DATOS!$C$15-DATOS!$C$34)*G51/DATOS!$C$32 | K51: =DATOS!$C$36 | L51: =(I51-K51)/2 | M51: =(J51-K51)/2 | N51: =(L51+M51)/2 | O51: =H51*N51 | P51: =DATOS!$C$10*N51 | Q51: =-P51/100 | S51: .STD R3.7 · X = 0, Z 850 a 1000 cm
B52: VA-2 | C52: Eje A | E52: 243 | F52: 10 | G52: 11.5 | H52: =G52-F52 | I52: =DATOS!$C$15-(DATOS!$C$15-DATOS!$C$34)*F52/DATOS!$C$32 | J52: =DATOS!$C$34-(DATOS!$C$34-DATOS!$C$16)*(G52-DATOS!$C$32)/(DATOS!$C$33-DATOS!$C$32) | K52: =DATOS!$C$36 | L52: =(I52-K52)/2 | M52: =(J52-K52)/2 | N52: =(L52+M52)/2 | O52: =H52*N52 | P52: =DATOS!$C$10*N52 | Q52: =-P52/100 | S52: .STD R3.7 · X = 0, Z 1000 a 1150 cm
B53: VA-2 | C53: Eje A | E53: 245 | F53: 11.5 | G53: 13 | H53: =G53-F53 | I53: =DATOS!$C$34-(DATOS!$C$34-DATOS!$C$16)*(F53-DATOS!$C$32)/(DATOS!$C$33-DATOS!$C$32) | J53: =DATOS!$C$34-(DATOS!$C$34-DATOS!$C$16)*(G53-DATOS!$C$32)/(DATOS!$C$33-DATOS!$C$32) | K53: =DATOS!$C$36 | L53: =(I53-K53)/2 | M53: =(J53-K53)/2 | N53: =(L53+M53)/2 | O53: =H53*N53 | P53: =DATOS!$C$10*N53 | Q53: =-P53/100 | S53: .STD R3.7 · X = 0, Z 1150 a 1300 cm
B54: VA-2 | C54: Eje A | E54: 246 | F54: 13 | G54: 14.5 | H54: =G54-F54 | I54: =DATOS!$C$34-(DATOS!$C$34-DATOS!$C$16)*(F54-DATOS!$C$32)/(DATOS!$C$33-DATOS!$C$32) | J54: =DATOS!$C$34-(DATOS!$C$34-DATOS!$C$16)*(G54-DATOS!$C$32)/(DATOS!$C$33-DATOS!$C$32) | K54: =DATOS!$C$36 | L54: =(I54-K54)/2 | M54: =(J54-K54)/2 | N54: =(L54+M54)/2 | O54: =H54*N54 | P54: =DATOS!$C$10*N54 | Q54: =-P54/100 | S54: .STD R3.7 · X = 0, Z 1300 a 1450 cm
B55: VA-2 | C55: Eje A | E55: 247 | F55: 14.5 | G55: 16 | H55: =G55-F55 | I55: =DATOS!$C$34-(DATOS!$C$34-DATOS!$C$16)*(F55-DATOS!$C$32)/(DATOS!$C$33-DATOS!$C$32) | J55: =DATOS!$C$34-(DATOS!$C$34-DATOS!$C$16)*(G55-DATOS!$C$32)/(DATOS!$C$33-DATOS!$C$32) | K55: =DATOS!$C$36 | L55: =(I55-K55)/2 | M55: =(J55-K55)/2 | N55: =(L55+M55)/2 | O55: =H55*N55 | P55: =DATOS!$C$10*N55 | Q55: =-P55/100 | S55: .STD R3.7 · X = 0, Z 1450 a 1600 cm
B56: VB-1 | C56: Eje B | E56: 242 | F56: 0 | G56: 1 | H56: =G56-F56 | I56: =DATOS!$C$15-(DATOS!$C$15-DATOS!$C$34)*F56/DATOS!$C$32 | J56: =DATOS!$C$15-(DATOS!$C$15-DATOS!$C$34)*G56/DATOS!$C$32 | K56: =DATOS!$C$36 | L56: =(I56-K56)/2 | M56: =(J56-K56)/2 | N56: =(L56+M56)/2 | O56: =H56*N56 | P56: =DATOS!$C$10*N56 | Q56: =-P56/100 | S56: .STD R3.7 · X = 1008 cm, Z 0 a 100 cm
B57: VB-1 | C57: Eje B | E57: 280 | F57: 1 | G57: 2.5 | H57: =G57-F57 | I57: =DATOS!$C$15-(DATOS!$C$15-DATOS!$C$34)*F57/DATOS!$C$32 | J57: =DATOS!$C$15-(DATOS!$C$15-DATOS!$C$34)*G57/DATOS!$C$32 | K57: =DATOS!$C$36 | L57: =(I57-K57)/2 | M57: =(J57-K57)/2 | N57: =(L57+M57)/2 | O57: =H57*N57 | P57: =DATOS!$C$10*N57 | Q57: =-P57/100 | S57: .STD R3.7 · X = 1008 cm, Z 100 a 250 cm
B58: VB-1 | C58: Eje B | E58: 279 | F58: 2.5 | G58: 4 | H58: =G58-F58 | I58: =DATOS!$C$15-(DATOS!$C$15-DATOS!$C$34)*F58/DATOS!$C$32 | J58: =DATOS!$C$15-(DATOS!$C$15-DATOS!$C$34)*G58/DATOS!$C$32 | K58: =DATOS!$C$36 | L58: =(I58-K58)/2 | M58: =(J58-K58)/2 | N58: =(L58+M58)/2 | O58: =H58*N58 | P58: =DATOS!$C$10*N58 | Q58: =-P58/100 | S58: .STD R3.7 · X = 1008 cm, Z 250 a 400 cm
B59: VB-1 | C59: Eje B | E59: 278 | F59: 4 | G59: 5.5 | H59: =G59-F59 | I59: =DATOS!$C$15-(DATOS!$C$15-DATOS!$C$34)*F59/DATOS!$C$32 | J59: =DATOS!$C$15-(DATOS!$C$15-DATOS!$C$34)*G59/DATOS!$C$32 | K59: =DATOS!$C$36 | L59: =(I59-K59)/2 | M59: =(J59-K59)/2 | N59: =(L59+M59)/2 | O59: =H59*N59 | P59: =DATOS!$C$10*N59 | Q59: =-P59/100 | S59: .STD R3.7 · X = 1008 cm, Z 400 a 550 cm
B60: VB-1 | C60: Eje B | E60: 277 | F60: 5.5 | G60: 7 | H60: =G60-F60 | I60: =DATOS!$C$15-(DATOS!$C$15-DATOS!$C$34)*F60/DATOS!$C$32 | J60: =DATOS!$C$15-(DATOS!$C$15-DATOS!$C$34)*G60/DATOS!$C$32 | K60: =DATOS!$C$36 | L60: =(I60-K60)/2 | M60: =(J60-K60)/2 | N60: =(L60+M60)/2 | O60: =H60*N60 | P60: =DATOS!$C$10*N60 | Q60: =-P60/100 | S60: .STD R3.7 · X = 1008 cm, Z 550 a 700 cm
B61: VB-1 | C61: Eje B | E61: 276 | F61: 7 | G61: 8.5 | H61: =G61-F61 | I61: =DATOS!$C$15-(DATOS!$C$15-DATOS!$C$34)*F61/DATOS!$C$32 | J61: =DATOS!$C$15-(DATOS!$C$15-DATOS!$C$34)*G61/DATOS!$C$32 | K61: =DATOS!$C$36 | L61: =(I61-K61)/2 | M61: =(J61-K61)/2 | N61: =(L61+M61)/2 | O61: =H61*N61 | P61: =DATOS!$C$10*N61 | Q61: =-P61/100 | S61: .STD R3.7 · X = 1008 cm, Z 700 a 850 cm
B62: VB-1 | C62: Eje B | E62: 275 | F62: 8.5 | G62: 10 | H62: =G62-F62 | I62: =DATOS!$C$15-(DATOS!$C$15-DATOS!$C$34)*F62/DATOS!$C$32 | J62: =DATOS!$C$15-(DATOS!$C$15-DATOS!$C$34)*G62/DATOS!$C$32 | K62: =DATOS!$C$36 | L62: =(I62-K62)/2 | M62: =(J62-K62)/2 | N62: =(L62+M62)/2 | O62: =H62*N62 | P62: =DATOS!$C$10*N62 | Q62: =-P62/100 | S62: .STD R3.7 · X = 1008 cm, Z 850 a 1000 cm
B63: VB-2 | C63: Eje B | E63: 244 | F63: 10 | G63: 11.5 | H63: =G63-F63 | I63: =DATOS!$C$15-(DATOS!$C$15-DATOS!$C$34)*F63/DATOS!$C$32 | J63: =DATOS!$C$34-(DATOS!$C$34-DATOS!$C$16)*(G63-DATOS!$C$32)/(DATOS!$C$33-DATOS!$C$32) | K63: =DATOS!$C$36 | L63: =(I63-K63)/2 | M63: =(J63-K63)/2 | N63: =(L63+M63)/2 | O63: =H63*N63 | P63: =DATOS!$C$10*N63 | Q63: =-P63/100 | S63: .STD R3.7 · X = 1008 cm, Z 1000 a 1150 cm
B64: VB-2 | C64: Eje B | E64: 248 | F64: 11.5 | G64: 13 | H64: =G64-F64 | I64: =DATOS!$C$34-(DATOS!$C$34-DATOS!$C$16)*(F64-DATOS!$C$32)/(DATOS!$C$33-DATOS!$C$32) | J64: =DATOS!$C$34-(DATOS!$C$34-DATOS!$C$16)*(G64-DATOS!$C$32)/(DATOS!$C$33-DATOS!$C$32) | K64: =DATOS!$C$36 | L64: =(I64-K64)/2 | M64: =(J64-K64)/2 | N64: =(L64+M64)/2 | O64: =H64*N64 | P64: =DATOS!$C$10*N64 | Q64: =-P64/100 | S64: .STD R3.7 · X = 1008 cm, Z 1150 a 1300 cm
B65: VB-2 | C65: Eje B | E65: 249 | F65: 13 | G65: 14.5 | H65: =G65-F65 | I65: =DATOS!$C$34-(DATOS!$C$34-DATOS!$C$16)*(F65-DATOS!$C$32)/(DATOS!$C$33-DATOS!$C$32) | J65: =DATOS!$C$34-(DATOS!$C$34-DATOS!$C$16)*(G65-DATOS!$C$32)/(DATOS!$C$33-DATOS!$C$32) | K65: =DATOS!$C$36 | L65: =(I65-K65)/2 | M65: =(J65-K65)/2 | N65: =(L65+M65)/2 | O65: =H65*N65 | P65: =DATOS!$C$10*N65 | Q65: =-P65/100 | S65: .STD R3.7 · X = 1008 cm, Z 1300 a 1450 cm
B66: VB-2 | C66: Eje B | E66: 250 | F66: 14.5 | G66: 16 | H66: =G66-F66 | I66: =DATOS!$C$34-(DATOS!$C$34-DATOS!$C$16)*(F66-DATOS!$C$32)/(DATOS!$C$33-DATOS!$C$32) | J66: =DATOS!$C$34-(DATOS!$C$34-DATOS!$C$16)*(G66-DATOS!$C$32)/(DATOS!$C$33-DATOS!$C$32) | K66: =DATOS!$C$36 | L66: =(I66-K66)/2 | M66: =(J66-K66)/2 | N66: =(L66+M66)/2 | O66: =H66*N66 | P66: =DATOS!$C$10*N66 | Q66: =-P66/100 | S66: .STD R3.7 · X = 1008 cm, Z 1450 a 1600 cm
B67: Total | C67: Franja superior de muros laterales que va a las vigas de alero | O67: =SUM(O45:O66)
B69: C. MURO FRONTAL — EJE 1 (Z = 0) — LARGUEROS MC6-14, MC10-12 Y MCC10-14; DINTELES MCC12-12
B70: Vanos: puerta de 1.22 × 2.40 m (X 0.60 a 1.82) y vano del nose dock de 5.10 × 6.50 m (X 2.32 a 7.42), sin carga. El dintel de la puerta (204) y el de la cortina (234) sólo toman la franja de arriba; la cortina carga su peso al dintel 234 (DATOS §5).
B71: ID | C71: Nivel | D71: Perfil | E71: Y (m) | F71: X desde (m) | G71: X hasta (m) | H71: L (m) | I71: Y abajo (m) | J71: Y arriba (m) | K71: Franja desde (m) | L71: Franja hasta (m) | M71: h (m) | N71: A (m²) | O71: w CM (kg/m) | P71: STAAD CM (kg/cm) | Q71: Miembro STAAD | S71: Referencia
E72: del modelo | F72: del modelo | G72: del modelo | H72: hasta − desde | I72: miembro de abajo (= Y si hay vano) | J72: miembro de arriba | K72: (Y ab. + Y)/2 | L72: (Y + Y arr.)/2 | M72: hasta − desde | N72: L × h | O72: CM muros × h | P72: −w ÷ 100 | Q72: del .STD
B73: L1-1.1 | C73: 1 | D73: MC6-14 | E73: 1.2 | F73: 0 | G73: 0.6 | H73: =G73-F73 | I73: 0 | J73: 2.4 | K73: =(I73+E73)/2 | L73: =(E73+J73)/2 | M73: =L73-K73 | N73: =H73*M73 | O73: =DATOS!$C$10*M73 | P73: =-O73/100 | Q73: 46 | S73: .STD R3.7 · nodos 11–126
B74: L1-1.2 | C74: 1 | D74: MC6-14 | E74: 1.2 | F74: 1.82 | G74: 2.32 | H74: =G74-F74 | I74: 0 | J74: 2.4 | K74: =(I74+E74)/2 | L74: =(E74+J74)/2 | M74: =L74-K74 | N74: =H74*M74 | O74: =DATOS!$C$10*M74 | P74: =-O74/100 | Q74: 159 | S74: .STD R3.7 · nodos 125–118
B75: L1-1.3 | C75: 1 | D75: MC6-14 | E75: 1.2 | F75: 7.42 | G75: 10.08 | H75: =G75-F75 | I75: 0 | J75: 2.4 | K75: =(I75+E75)/2 | L75: =(E75+J75)/2 | M75: =L75-K75 | N75: =H75*M75 | O75: =DATOS!$C$10*M75 | P75: =-O75/100 | Q75: 149 | S75: .STD R3.7 · nodos 117–14
B76: L1-2.1 | C76: 2 | D76: MC6-14 | E76: 2.4 | F76: 0 | G76: 0.6 | H76: =G76-F76 | I76: 1.2 | J76: 3.6 | K76: =(I76+E76)/2 | L76: =(E76+J76)/2 | M76: =L76-K76 | N76: =H76*M76 | O76: =DATOS!$C$10*M76 | P76: =-O76/100 | Q76: 23 | S76: .STD R3.7 · nodos 17–71
B77: L1-2.2 | C77: 2 | D77: MC6-14 | E77: 2.4 | F77: 0.6 | G77: 1.82 | H77: =G77-F77 | I77: 2.4 | J77: 3.6 | K77: =(I77+E77)/2 | L77: =(E77+J77)/2 | M77: =L77-K77 | N77: =H77*M77 | O77: =DATOS!$C$10*M77 | P77: =-O77/100 | Q77: 204 | S77: .STD R3.7 · nodos 71–72 · dintel de la puerta · vano abajo
B78: L1-2.3 | C78: 2 | D78: MC6-14 | E78: 2.4 | F78: 1.82 | G78: 2.32 | H78: =G78-F78 | I78: 1.2 | J78: 3.6 | K78: =(I78+E78)/2 | L78: =(E78+J78)/2 | M78: =L78-K78 | N78: =H78*M78 | O78: =DATOS!$C$10*M78 | P78: =-O78/100 | Q78: 203 | S78: .STD R3.7 · nodos 72–128
B79: L1-2.4 | C79: 2 | D79: MC6-14 | E79: 2.4 | F79: 7.42 | G79: 10.08 | H79: =G79-F79 | I79: 1.2 | J79: 3.6 | K79: =(I79+E79)/2 | L79: =(E79+J79)/2 | M79: =L79-K79 | N79: =H79*M79 | O79: =DATOS!$C$10*M79 | P79: =-O79/100 | Q79: 161 | S79: .STD R3.7 · nodos 127–20
B80: L1-3.1 | C80: 3 | D80: MC6-14 | E80: 3.6 | F80: 0 | G80: 2.32 | H80: =G80-F80 | I80: 2.4 | J80: 4.8 | K80: =(I80+E80)/2 | L80: =(E80+J80)/2 | M80: =L80-K80 | N80: =H80*M80 | O80: =DATOS!$C$10*M80 | P80: =-O80/100 | Q80: 27 | S80: .STD R3.7 · nodos 23–120
B81: L1-3.2 | C81: 3 | D81: MC6-14 | E81: 3.6 | F81: 7.42 | G81: 10.08 | H81: =G81-F81 | I81: 2.4 | J81: 4.8 | K81: =(I81+E81)/2 | L81: =(E81+J81)/2 | M81: =L81-K81 | N81: =H81*M81 | O81: =DATOS!$C$10*M81 | P81: =-O81/100 | Q81: 153 | S81: .STD R3.7 · nodos 119–26
B82: L1-4.1 | C82: 4 | D82: MC6-14 | E82: 4.8 | F82: 0 | G82: 2.32 | H82: =G82-F82 | I82: 3.6 | J82: 6 | K82: =(I82+E82)/2 | L82: =(E82+J82)/2 | M82: =L82-K82 | N82: =H82*M82 | O82: =DATOS!$C$10*M82 | P82: =-O82/100 | Q82: 31 | S82: .STD R3.7 · nodos 29–122
B83: L1-4.2 | C83: 4 | D83: MC6-14 | E83: 4.8 | F83: 7.42 | G83: 10.08 | H83: =G83-F83 | I83: 3.6 | J83: 6 | K83: =(I83+E83)/2 | L83: =(E83+J83)/2 | M83: =L83-K83 | N83: =H83*M83 | O83: =DATOS!$C$10*M83 | P83: =-O83/100 | Q83: 155 | S83: .STD R3.7 · nodos 121–32
B84: L1-5.1 | C84: 5 | D84: MC6-14 | E84: 6 | F84: 0 | G84: 2.32 | H84: =G84-F84 | I84: 4.8 | J84: 6.5 | K84: =(I84+E84)/2 | L84: =(E84+J84)/2 | M84: =L84-K84 | N84: =H84*M84 | O84: =DATOS!$C$10*M84 | P84: =-O84/100 | Q84: 35 | S84: .STD R3.7 · nodos 35–124 · arriba: larguero a 6.50 m
... B90: L1-8.1 | C90: 8 | D90: MC10-12 | E90: 8.4 | F90: 0 | G90: 10.08 | H90: =G90-F90 | I90: 7.2 | J90: 9.6 | K90: =(I90+E90)/2 | L90: =(E90+J90)/2 | M90: =L90-K90 | N90: =H90*M90 | O90: =DATOS!$C$10*M90 | P90: =-O90/100 | Q90: 43 585 TO 588 | S90: .STD R3.7 · nodos 47–50
B91: L1-9.1 | C91: 9 | D91: MCC10-14 | E91: 9.6 | F91: 0 | G91: 10.08 | H91: =G91-F91 | I91: 8.4 | J91: =DATOS!$C$15 | K91: =(I91+E91)/2 | L91: =(E91+J91)/2 | M91: =L91-K91 | N91: =H91*M91 | O91: =DATOS!$C$10*M91 | P91: =-O91/100 | Q91: 47 589 TO 592 | S91: .STD R3.7 · nodos 53–55
B92: VM-1 | C92: techo | D92: MCE12-12 | E92: =DATOS!$C$15 | F92: 0 | G92: 10.08 | H92: =G92-F92 | I92: 9.6 | J92: =DATOS!$C$15 | K92: =(I92+E92)/2 | L92: =E92 | M92: =L92-K92 | N92: =H92*M92 | O92: =DATOS!$C$10*M92 | P92: =-O92/100 | Q92: 11 48 TO 51 | S92: .STD R3.7 · nodos 7–8 · franja alta del muro a la viga del eje 1
B93: Total | C93: Área del muro frontal en miembros (largueros, dinteles y VM-1) | N93: =SUM(N73:N92)
B94: Revisión | C94: Bruto 10.08 × 10.43 − puerta 1.22 × 2.40 − vano 5.10 × 6.50 − franja de base (0.60 m) fuera de los vanos | N94: =DATOS!$C$29*DATOS!$C$15-(1.82-0.6)*2.4-(7.42-2.32)*6.5-DATOS!$C$37*((0.6-0)+(2.32-1.82)+(DATOS!$C$29-7.42)) | O94: =IF(ABS(N94-N93)<0.02,"CUADRA","NO CUADRA")
B96: D. FRANJA SUPERIOR DE MUROS LATERALES — UN VALOR POR TRAMO (LO QUE VA A STAAD)
B97: Promedio de la tabla B pesado con el largo de cada miembro: da la misma área y la misma carga total, con un solo valor por tramo.
B98: Tramo | C98: Muros | E98: Miembros STAAD | N98: h prom. (m) | O98: A (m²) | P98: w CM (kg/m) | Q98: STAAD CM (kg/cm) | S98: Referencia
B99: VA-1 y VB-1 | C99: Ejes A y B | E99: 241 242 269 TO 280 605 TO 608 | N99: =SUMPRODUCT(N45:N51,H45:H51)/SUM(H45:H51) | O99: =SUM(O45:O51)+SUM(O56:O62) | P99: =DATOS!$C$10*N99 | Q99: =-P99/100 | S99: Tabla B, filas 45–51 y 56–62
B100: VA-2 y VB-2 | C100: Ejes A y B | E100: 243 TO 250 601 TO 604 | N100: =SUMPRODUCT(N52:N55,H52:H55)/SUM(H52:H55) | O100: =SUM(O52:O55)+SUM(O63:O66) | P100: =DATOS!$C$10*N100 | Q100: =-P100/100 | S100: Tabla B, filas 52–55 y 63–66
B101: Total | C101: Área de la tabla D (debe dar la de la tabla B) | O101: =SUM(O99:O100) | P101: =IF(ABS(O101-O67)<0.01,"CUADRA","NO CUADRA")

Sheet NODOS_TECHO
B1: NODOS DE COLUMNA — TECHO: ÁREA TRIBUTARIA Y MASA SÍSMICA PUNTUAL (CASO 4)
B2: El techo se reparte a los 6 nodos de cabeza de columna: mitad del claro en X × mitad entre marcos en Z. Esta hoja da la masa sísmica del techo (JOINT LOAD FX y FZ); la CM y la CV van repartidas en largueros y vigas (hoja TECHO).
B4: A. TECHO → NODOS DE CABEZA DE COLUMNA
B5: ID | C5: Nodo STAAD | D5: Eje | E5: Lado | F5: X desde (m) | G5: X hasta (m) | H5: Z desde (m) | I5: Z hasta (m) | J5: A (m²) | K5: CM techo (kg) | L5: w_i techo (kg) | M5: Masa techo (kg) | N5: CV techo (kg) | O5: Línea STAAD caso 4 (masa) | P5: Nota | Q5: Referencia
C6: del .STD | F6: mitad del claro | G6: mitad / claro | H6: (Z ant. + Z)/2 | I6: (Z + Z sig.)/2 | J6: ΔX × ΔZ | K6: CM techo × A | L6: w_i × A | M6: K + L | N6: w_m × A | O6: nodo FX M FZ M
B7: T-1A | C7: 7 | D7: 1 | E7: A | F7: 0 | G7: =DATOS!$C$30 | H7: =DATOS!$C$31 | I7: =(DATOS!$C$31+DATOS!$C$32)/2 | J7: =(G7-F7)*(I7-H7) | K7: =DATOS!$C$8*J7 | L7: =DATOS!$C$23*J7 | M7: =K7+L7 | N7: =DATOS!$C$22*J7 | O7: =C7&" FX "&TEXT(M7,"0.00")&" FZ "&TEXT(M7,"0.00") | P7: La CM y la CV van en largueros (hoja TECHO) | Q7: Área tributaria (mitades) · masa sísmica del techo (caso 4)
B8: T-1B | C8: 8 | D8: 1 | E8: B | F8: =DATOS!$C$30 | G8: =DATOS!$C$29 | H8: =DATOS!$C$31 | I8: =(DATOS!$C$31+DATOS!$C$32)/2 | J8: =(G8-F8)*(I8-H8) | K8: =DATOS!$C$8*J8 | L8: =DATOS!$C$23*J8 | M8: =K8+L8 | N8: =DATOS!$C$22*J8 | O8: =C8&" FX "&TEXT(M8,"0.00")&" FZ "&TEXT(M8,"0.00") | P8: La CM y la CV van en largueros (hoja TECHO) | Q8: Área tributaria (mitades) · masa sísmica del techo (caso 4)
B9: T-2A | C9: 75 | D9: 2 | E9: A | F9: 0 | G9: =DATOS!$C$30 | H9: =(DATOS!$C$31+DATOS!$C$32)/2 | I9: =(DATOS!$C$32+DATOS!$C$33)/2 | J9: =(G9-F9)*(I9-H9) | K9: =DATOS!$C$8*J9 | L9: =DATOS!$C$23*J9 | M9: =K9+L9 | N9: =DATOS!$C$22*J9 | O9: =C9&" FX "&TEXT(M9,"0.00")&" FZ "&TEXT(M9,"0.00") | P9: La CM y la CV van en largueros (hoja TECHO) | Q9: Área tributaria (mitades) · masa sísmica del techo (caso 4)
B10: T-2B | C10: 76 | D10: 2 | E10: B | F10: =DATOS!$C$30 | G10: =DATOS!$C$29 | H10: =(DATOS!$C$31+DATOS!$C$32)/2 | I10: =(DATOS!$C$32+DATOS!$C$33)/2 | J10: =(G10-F10)*(I10-H10) | K10: =DATOS!$C$8*J10 | L10: =DATOS!$C$23*J10 | M10: =K10+L10 | N10: =DATOS!$C$22*J10 | O10: =C10&" FX "&TEXT(M10,"0.00")&" FZ "&TEXT(M10,"0.00") | P10: La CM y la CV van en largueros (hoja TECHO) | Q10: Área tributaria (mitades) · masa sísmica del techo (caso 4)
B11: T-3A | C11: 9 | D11: 3 | E11: A | F11: 0 | G11: =DATOS!$C$30 | H11: =(DATOS!$C$32+DATOS!$C$33)/2 | I11: =DATOS!$C$33 | J11: =(G11-F11)*(I11-H11) | K11: =DATOS!$C$8*J11 | L11: =DATOS!$C$23*J11 | M11: =K11+L11 | N11: =DATOS!$C$22*J11 | O11: =C11&" FX "&TEXT(M11,"0.00")&" FZ "&TEXT(M11,"0.00") | P11: La CM y la CV van en largueros (hoja TECHO) | Q11: Área tributaria (mitades) · masa sísmica del techo (caso 4)
B12: T-3B | C12: 10 | D12: 3 | E12: B | F12: =DATOS!$C$30 | G12: =DATOS!$C$29 | H12: =(DATOS!$C$32+DATOS!$C$33)/2 | I12: =DATOS!$C$33 | J12: =(G12-F12)*(I12-H12) | K12: =DATOS!$C$8*J12 | L12: =DATOS!$C$23*J12 | M12: =K12+L12 | N12: =DATOS!$C$22*J12 | O12: =C12&" FX "&TEXT(M12,"0.00")&" FZ "&TEXT(M12,"0.00") | P12: La CM y la CV van en largueros (hoja TECHO) | Q12: Área tributaria (mitades) · masa sísmica del techo (caso 4)
B13: Total | C13: Suma de áreas de techo (debe dar claro × largo = 10.08 × 16.00) | J13: =SUM(J7:J12) | K13: =SUM(K7:K12) | L13: =SUM(L7:L12) | M13: =SUM(M7:M12) | N13: =SUM(N7:N12) | Q13: =IF(AND(ABS(J13-TECHO!$J$19)<0.01,ABS(N13-RESUMEN!$C$16)<0.5),"CUADRA","NO CUADRA")

Sheet NODOS_MUROS
B1: NODOS DE COLUMNA — MUROS: ÁREA TRIBUTARIA DE LÁMINA POR NODO (REFERENCIA)
B2: Desde la R3.6 la masa de los muros SÍ va en los nodos de los extremos de cada larguero (columnas, jambas y postes), a la altura del larguero, junto con el acero del larguero y los contraflambeos de muro (hoja STAAD, caso 4). Esta tabla da sólo la parte de lámina por nodo de columna, como referencia.
B4: A. PANELES DE MURO → NODOS DE COLUMNA DE SUS EXTREMOS
B5: ID | C5: Muro | D5: Nivel | E5: Nodo A | F5: Nodo B | G5: L (m) | H5: h en A (m) | I5: h en B (m) | J5: A (m²) | K5: Masa (kg) | L5: Referencia
E6: del .STD | F6: del .STD | G6: del modelo | H6: franja en el nodo A | I6: franja en el nodo B | J6: L × (h A + h B) ÷ 2 | K6: CM muros × A
B7: LA-1.1 | C7: Eje A (X = 0) | D7: 1 | E7: 11 | F7: 12 | G7: 10 | H7: 1.2 | I7: 1.2 | J7: =G7*(H7+I7)/2 | K7: =DATOS!$C$10*J7 | L7: Franja de LA-1.1 (hoja MUROS) · .STD R3.7
B8: LA-1.2 | C8: Eje A (X = 0) | D8: 1 | E8: 12 | F8: 13 | G8: 6 | H8: 1.2 | I8: 1.2 | J8: =G8*(H8+I8)/2 | K8: =DATOS!$C$10*J8 | L8: Franja de LA-1.2 (hoja MUROS) · .STD R3.7
B9: LA-2.1 | C9: Eje A (X = 0) | D9: 2 | E9: 17 | F9: 18 | G9: 10 | H9: 1.2 | I9: 1.2 | J9: =G9*(H9+I9)/2 | K9: =DATOS!$C$10*J9 | L9: Franja de LA-2.1 (hoja MUROS) · .STD R3.7
B10: LA-2.2 | C10: Eje A (X = 0) | D10: 2 | E10: 18 | F10: 19 | G10: 6 | H10: 1.2 | I10: 1.2 | J10: =G10*(H10+I10)/2 | K10: =DATOS!$C$10*J10 | L10: Franja de LA-2.2 (hoja MUROS) · .STD R3.7
B11: LA-3.1 | C11: Eje A (X = 0) | D11: 3 | E11: 23 | F11: 24 | G11: 10 | H11: 1.2 | I11: 1.2 | J11: =G11*(H11+I11)/2 | K11: =DATOS!$C$10*J11 | L11: Franja de LA-3.1 (hoja MUROS) · .STD R3.7
B12: LA-3.2 | C12: Eje A (X = 0) | D12: 3 | E12: 24 | F12: 25 | G12: 6 | H12: 1.2 | I12: 1.2 | J12: =G12*(H12+I12)/2 | K12: =DATOS!$C$10*J12 | L12: Franja de LA-3.2 (hoja MUROS) · .STD R3.7
B13: LA-4.1 | C13: Eje A (X = 0) | D13: 4 | E13: 29 | F13: 30 | G13: 10 | H13: 1.2 | I13: 1.2 | J13: =G13*(H13+I13)/2 | K13: =DATOS!$C$10*J13 | L13: Franja de LA-4.1 (hoja MUROS) · .STD R3.7
B14: LA-4.2 | C14: Eje A (X = 0) | D14: 4 | E14: 30 | F14: 31 | G14: 6 | H14: 1.2 | I14: 1.2 | J14: =G14*(H14+I14)/2 | K14: =DATOS!$C$10*J14 | L14: Franja de LA-4.2 (hoja MUROS) · .STD R3.7
B15: LA-5.1 | C15: Eje A (X = 0) | D15: 5 | E15: 35 | F15: 36 | G15: 10 | H15: 1.2 | I15: 1.2 | J15: =G15*(H15+I15)/2 | K15: =DATOS!$C$10*J15 | L15: Franja de LA-5.1 (hoja MUROS) · .STD R3.7
B16: LA-5.2 | C16: Eje A (X = 0) | D16: 5 | E16: 36 | F16: 37 | G16: 6 | H16: 1.2 | I16: 1.2 | J16: =G16*(H16+I16)/2 | K16: =DATOS!$C$10*J16 | L16: Franja de LA-5.2 (hoja MUROS) · .STD R3.7
B17: LA-6.1 | C17: Eje A (X = 0) | D17: 6 | E17: 41 | F17: 42 | G17: 10 | H17: 1.2 | I17: 1.2 | J17: =G17*(H17+I17)/2 | K17: =DATOS!$C$10*J17 | L17: Franja de LA-6.1 (hoja MUROS) · .STD R3.7
B18: LA-6.2 | C18: Eje A (X = 0) | D18: 6 | E18: 42 | F18: 43 | G18: 6 | H18: 1.2 | I18: 1.2 | J18: =G18*(H18+I18)/2 | K18: =DATOS!$C$10*J18 | L18: Franja de LA-6.2 (hoja MUROS) · .STD R3.7
... B42: LB-T.2 | C42: Eje B (X = 10.08 m) | D42: 9 | E42: 76 | F42: 10 | G42: 6 | H42: 0.1556 | I42: 0 | J42: =G42*(H42+I42)/2 | K42: =DATOS!$C$10*J42 | L42: Franja superior (mitad entre último larguero y alero) → cabeza de columna · .STD R3.7
B43: Total | C43: Muros laterales (debe dar tabla A + tabla B de MUROS) | J43: =SUM(J7:J42) | K43: =SUM(K7:K42) | L43: =IF(ABS(J43-MUROS!$O$39-MUROS!$O$67)<0.01,"CUADRA","NO CUADRA")

Sheet STAAD
B1: LÍNEAS DE CARGA PARA STAAD (kg/cm y kg) — LAS QUE VAN EN EL .STD R3.7
B2: Armadas con fórmulas desde TECHO, MUROS, NODOS_TECHO y DATOS, con las áreas tributarias del DXF R3.7. Los grupos con el mismo valor van en un solo renglón, igual que en el .STD. El viento está en PresionesViento_Naves_ElSalvador_NTV_R3.7.xlsx, hoja STAAD.
B4: CASO 1 — CARGA MUERTA (debajo de SELFWEIGHT Y -1): TECHO EN LARGUEROS Y VIGAS + MUROS EN LARGUEROS + CORTINA
B5: ID | C5: Origen | D5: Línea para STAAD | E5: Nota | F5: Revisión
B6: — | C6: — | D6: MEMBER LOAD | E6: Encabezado | F6: =IF(LEN($D6)>79,"MÁS DE 79","")
B7: LT-2 a LT-6, VM-2, LT-7 a LT-9 | C7: TECHO | D7: ="74 121 TO 124 285 TO 287 310 TO 326 352 TO 371 UNI GY "&TEXT(-TECHO!K9/100,"0.0000") | E7: =IF(AND(TECHO!$H$9=TECHO!$H$10,TECHO!$H$9=TECHO!$H$11,TECHO!$H$9=TECHO!$H$12,TECHO!$H$9=TECHO!$H$13,TECHO!$H$9=TECHO!$H$14,TECHO!$H$9=TECHO!$H$15,TECHO!$H$9=TECHO!$H$16,TECHO!$H$9=TECHO!$H$17),"","OJO: las b de este grupo ya no son iguales: separa el renglón") | F7: =IF(LEN($D7)>79,"MÁS DE 79","")
B8: LT-1 | C8: TECHO | D8: ="327 372 TO 375 UNI GY "&TEXT(-TECHO!K8/100,"0.0000") | E8: ="CM de techo × b (TECHO K8) · b = "&TEXT(TECHO!H8,"0.00")&" m" | F8: =IF(LEN($D8)>79,"MÁS DE 79","")
B9: VM-1 | C9: TECHO | D9: ="11 48 TO 51 UNI GY "&TEXT(-TECHO!K7/100,"0.0000") | E9: ="CM de techo × b (TECHO K7) · b = "&TEXT(TECHO!H7,"0.00")&" m" | F9: =IF(LEN($D9)>79,"MÁS DE 79","")
B10: VM-3 | C10: TECHO | D10: ="12 52 TO 55 UNI GY "&TEXT(-TECHO!K18/100,"0.0000") | E10: ="CM de techo × b (TECHO K18) · b = "&TEXT(TECHO!H18,"0.00")&" m" | F10: =IF(LEN($D10)>79,"MÁS DE 79","")
B11: LA y LB, niveles 1 a 7 | C11: MUROS | D11: ="16 17 20 21 24 25 28 29 32 33 36 37 40 41 501 TO 542 UNI GY "&TEXT(MUROS!Q7,"0.0000")&CHAR(10)&"199 TO 202 205 TO 214 549 TO 576 UNI GY "&TEXT(MUROS!Q7,"0.0000") | E11: CM de muros × h (MUROS Q7) · Largueros típicos (h = 1.20 m) de los muros 3 y 4 | F11: =IF(MAX(LEN(LEFT($D11,FIND(CHAR(10),$D11)-1)),LEN(MID($D11,FIND(CHAR(10),$D11)+1,200)))>79,"MÁS DE 79","")
B12: L1 con h = 1.20 m | C12: MUROS | D12: ="23 27 31 43 46 149 153 155 159 161 203 585 TO 588 UNI GY "&TEXT(MUROS!P73,"0.0000") | E12: CM de muros × h (MUROS P73) · Largueros típicos (h = 1.20 m) del muro 1 | F12: =IF(LEN($D12)>79,"MÁS DE 79","")
B13: LA-8.1, LB-8.1 | C13: MUROS | D13: ="44 45 543 TO 548 UNI GY "&TEXT(MUROS!Q21,"0.0000") | E13: CM de muros × h (MUROS Q21) · Último larguero de los muros 3 y 4, claro 1-2 (LA-8.1, LB-8.1) | F13: =IF(LEN($D13)>79,"MÁS DE 79","")
B14: LA-8.2, LB-8.2 | C14: MUROS | D14: ="215 216 577 TO 580 UNI GY "&TEXT(MUROS!Q22,"0.0000") | E14: CM de muros × h (MUROS Q22) · Último larguero de los muros 3 y 4, claro 2-3 (LA-8.2, LB-8.2) | F14: =IF(LEN($D14)>79,"MÁS DE 79","")
B15: L1-2.2, L1-6.1, L1-6.3 | C15: MUROS | D15: ="68 204 233 UNI GY "&TEXT(MUROS!P77,"0.0000") | E15: CM de muros × h (MUROS P77) · Dintel de la puerta y largueros a 6.50 m junto a la cortina | F15: =IF(LEN($D15)>79,"MÁS DE 79","")
B16: L1-5.1, L1-5.2 | C16: MUROS | D16: ="35 157 UNI GY "&TEXT(MUROS!P84,"0.0000") | E16: CM de muros × h (MUROS P84) · Largueros a 6.00 m junto a la cortina (L1-5) | F16: =IF(LEN($D16)>79,"MÁS DE 79","")
B17: L1-6.2 (dintel) | C17: MUROS | D17: ="234 UNI GY "&TEXT(MUROS!P87,"0.0000") | E17: CM de muros × h (MUROS P87) · Dintel de la cortina (L1-6.2) | F17: =IF(LEN($D17)>79,"MÁS DE 79","")
B18: L1-7.1 | C18: MUROS | D18: ="39 581 TO 584 UNI GY "&TEXT(MUROS!P89,"0.0000") | E18: CM de muros × h (MUROS P89) · Larguero a 7.20 m del muro 1 (L1-7.1) | F18: =IF(LEN($D18)>79,"MÁS DE 79","")
B19: L1-9.1 | C19: MUROS | D19: ="47 589 TO 592 UNI GY "&TEXT(MUROS!P91,"0.0000") | E19: CM de muros × h (MUROS P91) · Último larguero del muro 1 (L1-9.1) | F19: =IF(LEN($D19)>79,"MÁS DE 79","")
B20: VM-1 (franja del muro eje 1) | C20: MUROS | D20: ="11 48 TO 51 UNI GY "&TEXT(MUROS!P92,"0.0000") | E20: CM de muros × h (MUROS P92) · Franja alta del muro 1 a la viga del eje 1 (VM-1) | F20: =IF(LEN($D20)>79,"MÁS DE 79","")
B21: VA-1 y VB-1 (franja) | C21: MUROS | D21: ="241 242 269 TO 280 605 TO 608 UNI GY "&TEXT(MUROS!Q99,"0.0000") | E21: CM de muros × h (MUROS Q99) · Vigas de alero del claro 1-2 (VA-1 y VB-1) | F21: =IF(LEN($D21)>79,"MÁS DE 79","")
B22: VA-2 y VB-2 (franja) | C22: MUROS | D22: ="243 TO 250 601 TO 604 UNI GY "&TEXT(MUROS!Q100,"0.0000") | E22: CM de muros × h (MUROS Q100) · Vigas de alero del claro 2-3 (VA-2 y VB-2) | F22: =IF(LEN($D22)>79,"MÁS DE 79","")
B23: — | C23: — | D23: JOINT LOAD | E23: Encabezado (cortina en las jambas) | F23: =IF(LEN($D23)>79,"MÁS DE 79","")
B24: Cortina | C24: DATOS | D24: =DATOS!$C$54&" FY "&TEXT(-DATOS!$C$53,"0.0") | E24: Mitad del peso de la cortina arriba de cada jamba (DATOS C53) | F24: =IF(LEN($D24)>79,"MÁS DE 79","")
B25: CASO 2 — CARGA VIVA (w_m de DATOS): TECHO EN LARGUEROS Y VIGAS
B26: ID | C26: Origen | D26: Línea para STAAD | E26: Nota | F26: Revisión
B27: — | C27: — | D27: MEMBER LOAD | E27: Encabezado | F27: =IF(LEN($D27)>79,"MÁS DE 79","")
B28: LT-2 a LT-6, VM-2, LT-7 a LT-9 | C28: TECHO | D28: ="74 121 TO 124 285 TO 287 310 TO 326 352 TO 371 UNI GY "&TEXT(-TECHO!L9/100,"0.0000") | E28: ="w_m × b (TECHO L9) · b = "&TEXT(TECHO!H9,"0.00")&" m" | F28: =IF(LEN($D28)>79,"MÁS DE 79","")
B29: LT-1 | C29: TECHO | D29: ="327 372 TO 375 UNI GY "&TEXT(-TECHO!L8/100,"0.0000") | E29: ="w_m × b (TECHO L8) · b = "&TEXT(TECHO!H8,"0.00")&" m" | F29: =IF(LEN($D29)>79,"MÁS DE 79","")
B30: VM-1 | C30: TECHO | D30: ="11 48 TO 51 UNI GY "&TEXT(-TECHO!L7/100,"0.0000") | E30: ="w_m × b (TECHO L7) · b = "&TEXT(TECHO!H7,"0.00")&" m" | F30: =IF(LEN($D30)>79,"MÁS DE 79","")
B31: VM-3 | C31: TECHO | D31: ="12 52 TO 55 UNI GY "&TEXT(-TECHO!L18/100,"0.0000") | E31: ="w_m × b (TECHO L18) · b = "&TEXT(TECHO!H18,"0.00")&" m" | F31: =IF(LEN($D31)>79,"MÁS DE 79","")
B33: CASO 3 — CARGA VIVA INSTANTÁNEA
B34: ID | C34: Origen | D34: Línea para STAAD | E34: Nota | F34: Revisión
B35: — | C35: DATOS | D35: =IF(DATOS!$C$23=0,"* w_i = 0: el caso queda sin carga","Aplicar w_i × b como en el caso 2 (w_i = "&DATOS!$C$23&" kg/m²)") | E35: w_i de DATOS C23 | F35: =IF(LEN($D35)>79,"MÁS DE 79","")
B37: CASO 4 — MASA SÍSMICA (ANTES DEL SPECTRUM). R3.6/R3.7: techo en las cabezas de columna; cortina arriba de las jambas; largueros, dinteles, lámina y contraflambeos de muro en los extremos de cada larguero; SELFWEIGHT X/Z sólo del resto del acero. Así no hay modos locales de largueros.
B38: ID | C38: Origen | D38: Línea para STAAD | E38: Nota | F38: Revisión
B39: — | C39: .STD R3.7 | D39: JOINT LOAD | F39: =IF(LEN($D39)>79,"MÁS DE 79","")
C40: .STD R3.7 | D40: * TECHO: 19.32 KG/M2 X AREA TRIBUTARIA DE CADA CABEZA (SOLO TECHO) | F40: =IF(LEN($D40)>79,"MÁS DE 79","")
B41: N7, N8 | C41: NODOS_TECHO | D41: =NODOS_TECHO!C7&" "&NODOS_TECHO!C8&" FX "&TEXT(NODOS_TECHO!M7,"0.00")&" FZ "&TEXT(NODOS_TECHO!M7,"0.00") | E41: (CM + w_i) de techo × A del nodo (NODOS_TECHO M7) | F41: =IF(LEN($D41)>79,"MÁS DE 79","")
B42: N75, N76 | C42: NODOS_TECHO | D42: =NODOS_TECHO!C9&" "&NODOS_TECHO!C10&" FX "&TEXT(NODOS_TECHO!M9,"0.00")&" FZ "&TEXT(NODOS_TECHO!M9,"0.00") | E42: (CM + w_i) de techo × A del nodo (NODOS_TECHO M9) | F42: =IF(LEN($D42)>79,"MÁS DE 79","")
B43: N9, N10 | C43: NODOS_TECHO | D43: =NODOS_TECHO!C11&" "&NODOS_TECHO!C12&" FX "&TEXT(NODOS_TECHO!M11,"0.00")&" FZ "&TEXT(NODOS_TECHO!M11,"0.00") | E43: (CM + w_i) de techo × A del nodo (NODOS_TECHO M11) | F43: =IF(LEN($D43)>79,"MÁS DE 79","")
C44: .STD R3.7 | D44: * CORTINA: 198.9 KG ARRIBA DE CADA JAMBA | F44: =IF(LEN($D44)>79,"MÁS DE 79","")
B45: Cortina | C45: DATOS | D45: =DATOS!$C$54&" FX "&TEXT(DATOS!$C$53,"0.0")&" FZ "&TEXT(DATOS!$C$53,"0.0") | E45: Mitad del peso de la cortina arriba de cada jamba (DATOS C53) | F45: =IF(LEN($D45)>79,"MÁS DE 79","")
C46: .STD R3.7 | D46: * LARGUEROS, DINTELES Y LAMINA DE MURO: SU MASA A LOS EXTREMOS DE CADA | F46: =IF(LEN($D46)>79,"MÁS DE 79","")
C47: .STD R3.7 | D47: * LARGUERO (COLUMNAS, JAMBAS O POSTES), A SU ALTURA; CONTRAFLAMBEOS DE | F47: =IF(LEN($D47)>79,"MÁS DE 79","")
C48: .STD R3.7 | D48: * MURO AL NODO DE ARRIBA. ASI NO HAY MODOS LOCALES DE LARGUEROS. | F48: =IF(LEN($D48)>79,"MÁS DE 79","")
B49: — | C49: .STD R3.7 | D49: 53 55 FX 186.1 FZ 186.1 | E49: Masa de largueros, dinteles, lámina y contraflambeos de muro en los extremos del larguero (R3.6) | F49: =IF(LEN($D49)>79,"MÁS DE 79","")
B50: — | C50: .STD R3.7 | D50: 47 50 FX 161.4 FZ 161.4 | E50: Masa de largueros, dinteles, lámina y contraflambeos de muro en los extremos del larguero (R3.6) | F50: =IF(LEN($D50)>79,"MÁS DE 79","")
B51: — | C51: .STD R3.7 | D51: 41 44 FX 154.0 FZ 154.0 | E51: Masa de largueros, dinteles, lámina y contraflambeos de muro en los extremos del larguero (R3.6) | F51: =IF(LEN($D51)>79,"MÁS DE 79","")
B52: — | C52: .STD R3.7 | D52: 131 132 FX 141.6 FZ 141.6 | E52: Masa de largueros, dinteles, lámina y contraflambeos de muro en los extremos del larguero (R3.6) | F52: =IF(LEN($D52)>79,"MÁS DE 79","")
B53: — | C53: .STD R3.7 | D53: 12 15 18 21 24 27 30 33 36 39 42 45 48 51 FX 120.9 FZ 120.9 | E53: Masa de largueros, dinteles, lámina y contraflambeos de muro en los extremos del larguero (R3.6) | F53: =IF(LEN($D53)>79,"MÁS DE 79","")
B54: — | C54: .STD R3.7 | D54: 14 20 26 32 FX 95.3 FZ 95.3 | E54: Masa de largueros, dinteles, lámina y contraflambeos de muro en los extremos del larguero (R3.6) | F54: =IF(LEN($D54)>79,"MÁS DE 79","")
B55: — | C55: .STD R3.7 | D55: 23 29 FX 93.4 FZ 93.4 | E55: Masa de largueros, dinteles, lámina y contraflambeos de muro en los extremos del larguero (R3.6) | F55: =IF(LEN($D55)>79,"MÁS DE 79","")
B56: — | C56: .STD R3.7 | D56: 38 FX 92.6 FZ 92.6 | E56: Masa de largueros, dinteles, lámina y contraflambeos de muro en los extremos del larguero (R3.6) | F56: =IF(LEN($D56)>79,"MÁS DE 79","")
B57: — | C57: .STD R3.7 | D57: 35 FX 91.0 FZ 91.0 | E57: Masa de largueros, dinteles, lámina y contraflambeos de muro en los extremos del larguero (R3.6) | F57: =IF(LEN($D57)>79,"MÁS DE 79","")
B58: — | C58: .STD R3.7 | D58: 70 FX 88.3 FZ 88.3 | E58: Masa de largueros, dinteles, lámina y contraflambeos de muro en los extremos del larguero (R3.6) | F58: =IF(LEN($D58)>79,"MÁS DE 79","")
B59: — | C59: .STD R3.7 | D59: 69 FX 84.3 FZ 84.3 | E59: Masa de largueros, dinteles, lámina y contraflambeos de muro en los extremos del larguero (R3.6) | F59: =IF(LEN($D59)>79,"MÁS DE 79","")
B60: — | C60: .STD R3.7 | D60: 11 17 FX 83.7 FZ 83.7 | E60: Masa de largueros, dinteles, lámina y contraflambeos de muro en los extremos del larguero (R3.6) | F60: =IF(LEN($D60)>79,"MÁS DE 79","")
B61: N9, N10 | C61: NODOS_TECHO | D61: =NODOS_TECHO!C11&" "&NODOS_TECHO!C12&" FX "&TEXT(NODOS_TECHO!M11,"0.00")&" FZ "&TEXT(NODOS_TECHO!M11,"0.00") | E61: (CM + w_i) de techo × A del nodo (NODOS_TECHO M11) | F61: =IF(LEN($D61)>79,"MÁS DE 79","")
B62: — | C62: .STD R3.7 | D62: 13 16 19 22 25 28 31 34 37 40 43 46 49 52 FX 40.5 FZ 40.5 | E62: Masa de largueros, dinteles, lámina y contraflambeos de muro en los extremos del larguero (R3.6) | F62: =IF(LEN($D62)>79,"MÁS DE 79","")
B63: — | C63: .STD R3.7 | D63: 130 FX 31.6 FZ 31.6 | E63: Masa de largueros, dinteles, lámina y contraflambeos de muro en los extremos del larguero (R3.6) | F63: =IF(LEN($D63)>79,"MÁS DE 79","")
B64: — | C64: .STD R3.7 | D64: 129 FX 27.5 FZ 27.5 | E64: Masa de largueros, dinteles, lámina y contraflambeos de muro en los extremos del larguero (R3.6) | F64: =IF(LEN($D64)>79,"MÁS DE 79","")
B65: — | C65: .STD R3.7 | D65: 169 175 FX 19.9 FZ 19.9 | E65: Masa de largueros, dinteles, lámina y contraflambeos de muro en los extremos del larguero (R3.6) | F65: =IF(LEN($D65)>79,"MÁS DE 79","")
B66: — | C66: .STD R3.7 | D66: 386 388 FX 19.6 FZ 19.6 | E66: Masa de largueros, dinteles, lámina y contraflambeos de muro en los extremos del larguero (R3.6) | F66: =IF(LEN($D66)>79,"MÁS DE 79","")
B67: — | C67: .STD R3.7 | D67: 385 387 FX 19.3 FZ 19.3 | E67: Masa de largueros, dinteles, lámina y contraflambeos de muro en los extremos del larguero (R3.6) | F67: =IF(LEN($D67)>79,"MÁS DE 79","")
B68: — | C68: .STD R3.7 | D68: 381 383 FX 18.8 FZ 18.8 | E68: Masa de largueros, dinteles, lámina y contraflambeos de muro en los extremos del larguero (R3.6) | F68: =IF(LEN($D68)>79,"MÁS DE 79","")
B69: — | C69: .STD R3.7 | D69: 382 384 FX 18.6 FZ 18.6 | E69: Masa de largueros, dinteles, lámina y contraflambeos de muro en los extremos del larguero (R3.6) | F69: =IF(LEN($D69)>79,"MÁS DE 79","")
B70: — | C70: .STD R3.7 | D70: 117 119 121 127 FX 14.9 FZ 14.9 | E70: Masa de largueros, dinteles, lámina y contraflambeos de muro en los extremos del larguero (R3.6) | F70: =IF(LEN($D70)>79,"MÁS DE 79","")
B71: — | C71: .STD R3.7 | D71: 120 122 FX 13.0 FZ 13.0 | E71: Masa de largueros, dinteles, lámina y contraflambeos de muro en los extremos del larguero (R3.6) | F71: =IF(LEN($D71)>79,"MÁS DE 79","")
B72: — | C72: .STD R3.7 | D72: 123 FX 12.2 FZ 12.2 | E72: Masa de largueros, dinteles, lámina y contraflambeos de muro en los extremos del larguero (R3.6) | F72: =IF(LEN($D72)>79,"MÁS DE 79","")
B73: — | C73: .STD R3.7 | D73: 124 FX 10.7 FZ 10.7 | E73: Masa de largueros, dinteles, lámina y contraflambeos de muro en los extremos del larguero (R3.6) | F73: =IF(LEN($D73)>79,"MÁS DE 79","")
... B78: — | C78: .STD R3.7 | D78: 118 125 128 FX 2.8 FZ 2.8 | E78: Masa de largueros, dinteles, lámina y contraflambeos de muro en los extremos del larguero (R3.6) | F78: =IF(LEN($D78)>79,"MÁS DE 79","")
B79: — | C79: .STD R3.7 | D79: MEMBER LOAD | F79: =IF(LEN($D79)>79,"MÁS DE 79","")
B80: — | C80: .STD R3.7 | D80: 11 48 TO 51 UNI GX 0.0243 | E80: Franjas de lámina del muro 1 a VM-1 y de los muros laterales a las vigas de alero | F80: =IF(LEN($D80)>79,"MÁS DE 79","")
B81: — | C81: .STD R3.7 | D81: 241 242 269 TO 280 605 TO 608 UNI GX 0.0167 | E81: Franjas de lámina del muro 1 a VM-1 y de los muros laterales a las vigas de alero | F81: =IF(LEN($D81)>79,"MÁS DE 79","")
B82: — | C82: .STD R3.7 | D82: 243 TO 250 601 TO 604 UNI GX 0.0046 | E82: Franjas de lámina del muro 1 a VM-1 y de los muros laterales a las vigas de alero | F82: =IF(LEN($D82)>79,"MÁS DE 79","")
B83: — | C83: .STD R3.7 | D83: 11 48 TO 51 UNI GZ 0.0243 | E83: Franjas de lámina del muro 1 a VM-1 y de los muros laterales a las vigas de alero | F83: =IF(LEN($D83)>79,"MÁS DE 79","")
B84: — | C84: .STD R3.7 | D84: 241 242 269 TO 280 605 TO 608 UNI GZ 0.0167 | E84: Franjas de lámina del muro 1 a VM-1 y de los muros laterales a las vigas de alero | F84: =IF(LEN($D84)>79,"MÁS DE 79","")
B85: — | C85: .STD R3.7 | D85: 243 TO 250 601 TO 604 UNI GZ 0.0046 | E85: Franjas de lámina del muro 1 a VM-1 y de los muros laterales a las vigas de alero | F85: =IF(LEN($D85)>79,"MÁS DE 79","")
C86: .STD R3.7 | D86: * PESO PROPIO DEL RESTO DEL ACERO (COLUMNAS, VIGAS, TECHO, PTR Y CABLES) | F86: =IF(LEN($D86)>79,"MÁS DE 79","")
B87: — | C87: .STD R3.7 | D87: SELFWEIGHT X 1 LIST 1 2 4 6 11 12 48 TO 55 60 61 64 TO 67 74 121 TO 124 151 - | E87: Peso propio del resto del acero como masa (columnas, vigas, techo, PTR y cables) | F87: =IF(LEN($D87)>79,"MÁS DE 79","")
B88: — | C88: .STD R3.7 | D88: 152 163 TO 198 217 TO 232 235 TO 250 269 TO 287 294 TO 375 426 TO 429 - | F88: =IF(LEN($D88)>79,"MÁS DE 79","")
B89: — | C89: .STD R3.7 | D89: 434 TO 465 601 TO 608 | F89: =IF(LEN($D89)>79,"MÁS DE 79","")
B90: — | C90: .STD R3.7 | D90: SELFWEIGHT Z 1 LIST 1 2 4 6 11 12 48 TO 55 60 61 64 TO 67 74 121 TO 124 151 - | E90: Peso propio del resto del acero como masa (columnas, vigas, techo, PTR y cables) | F90: =IF(LEN($D90)>79,"MÁS DE 79","")
B91: — | C91: .STD R3.7 | D91: 152 163 TO 198 217 TO 232 235 TO 250 269 TO 287 294 TO 375 426 TO 429 - | F91: =IF(LEN($D91)>79,"MÁS DE 79","")
B92: — | C92: .STD R3.7 | D92: 434 TO 465 601 TO 608 | F92: =IF(LEN($D92)>79,"MÁS DE 79","")
B94: CASO 4: estas líneas van ANTES del SPECTRUM y sus pares (STAAD toma como masa las cargas escritas antes del SPECTRUM). CASOS 5 A 7 — SÓLO LLEVAN EL SPECTRUM (usan las masas del caso 4). CASOS 8 A 15 — VIENTO: hoja STAAD de PresionesViento_Naves_ElSalvador_NTV_R3.7.xlsx.

Sheet RESUMEN
B1: RESUMEN — ÁREAS, CARGAS TOTALES Y PESO SÍSMICO W
B2: Totales para revisar contra STAAD (suma de cargas del caso 1) y el W que va a la hoja de espectros (DATOS C60 y C61).
B4: 1. ÁREAS TRIBUTARIAS
B5: Concepto | C5: Valor | D5: Unidad | E5: Cómo se calcula / de dónde sale | F5: Referencia
B6: Techo (largueros + vigas de marco) | C6: =TECHO!$J$19 | D6: m² | E6: Suma de la tabla A de TECHO = 10.08 × 16.00. | F6: Hoja TECHO
B7: Muros laterales en largueros (ejes A y B) | C7: =MUROS!$O$39 | D7: m² | E7: Suma de la tabla A de MUROS. | F7: Hoja MUROS
B8: Muros laterales, franja a vigas de alero | C8: =MUROS!$O$67 | D8: m² | E8: Suma de la tabla B de MUROS. | F8: Hoja MUROS
B9: Muro frontal (eje 1) en miembros | C9: =MUROS!$N$93 | D9: m² | E9: Suma de la tabla C de MUROS (sin vanos ni franja de base). | F9: Hoja MUROS
B10: Muros en total (van a largueros y vigas en STAAD) | C10: =C7+C8+C9 | D10: m² | E10: CALCULADA. | F10: —
B12: 2. CARGAS TOTALES APLICADAS EN STAAD
B13: Concepto | C13: Valor | D13: Unidad | E13: Cómo se calcula / de dónde sale | F13: Referencia
B14: CM de techo (caso 1) | C14: =DATOS!$C$8*C6 | D14: kg | E14: CM de techo × área de techo. En STAAD: UNI GY en cada larguero y viga con su franja b (hoja TECHO). | F14: DATOS C8 · tabla de CM
B15: CM de muros (caso 1) | C15: =DATOS!$C$10*C10 | D15: kg | E15: CM de muros × área de muros en miembros. En STAAD: UNI GY en largueros, franja alta de VA/VB/VM-1 y dinteles. | F15: DATOS C10 · tabla de CM
B16: CV máxima de techo (caso 2) | C16: =DATOS!$C$22*C6 | D16: kg | E16: w_m × área de techo. En STAAD: UNI GY en cada larguero y viga con su franja b (hoja TECHO). | F16: RESESCO · Tabla, pág. 12
B17: CV instantánea de techo (caso 3) | C17: =DATOS!$C$23*C6 | D17: kg | E17: w_i × área de techo. | F17: RESESCO · Tabla, pág. 12
B18: CM de cortina (casos 1 y 4) | C18: =DATOS!$C$52 | D18: kg | E18: Peso de la cortina de oruga: la mitad arriba de cada jamba (nodos 69 y 70). | F18: DATOS · ficha técnica Protec Ingeniería
B20: 3. PESO PROPIO DEL ACERO (LO QUE CALCULA SELFWEIGHT)
B21: Longitudes medidas en el modelo 001_NOSE_DOCK_H5_H6_R3.7.STD (todos los miembros). Densidad del .STD: 0.00783341 kg/cm³.
B22: Perfil | C22: L total (m) | D22: A (cm²) | E22: Peso (kg) = L × A × densidad | F22: Uso
B23: HSST10X10X0.313 | C23: 59.883 | D23: 69.6773 | E23: =C23*100*D23*0.00783341 | F23: Columnas
B24: MCE12-12 | C24: 62.283 | D24: 25.81 | E24: =C24*100*D24*0.00783341 | F24: Vigas de marco y de alero (UPTABLE 3)
B25: MCC12-12 | C25: 10.08 | D25: 25.81 | E25: =C25*100*D25*0.00783341 | F25: Dinteles de la cortina y la puerta (UPTABLE 4)
B26: MC12-14 | C26: 90.72 | D26: 9.2425 | E26: =C26*100*D26*0.00783341 | F26: Largueros de techo (UPTABLE 2)
B27: MC10-12 | C27: 160.16 | D27: 11.5552 | E27: =C27*100*D27*0.00783341 | F27: Largueros de 10 m (muros A, B y 1)
B28: MC10-14 | C28: 84 | D28: 8.2789 | E28: =C28*100*D28*0.00783341 | F28: Largueros de 6 m (muros A y B)
B29: MCC10-14 | C29: 42.08 | D29: 16.5577 | E29: =C29*100*D29*0.00783341 | F29: Largueros a 9.60 m en cajón (UPTABLE 4)
B30: MC6-14 | C30: 23.68 | D30: 5.3878 | E30: =C30*100*D30*0.00783341 | F30: Largueros cortos del muro 1
B31: HSST4X4X0.25 | C31: 92.677 | D31: 21.7419 | E31: =C31*100*D31*0.00783341 | F31: Contravientos de muros
B32: HSST5X5X0.25 | C32: 13 | D32: 27.7419 | E32: =C32*100*D32*0.00783341 | F32: Jambas de la cortina
B33: HSST5X5X0.125 | C33: 4.8 | D33: 14.3871 | E33: =C33*100*D33*0.00783341 | F33: Postes de la puerta
B34: PIPX7 | C34: 165.052 | D34: 2.7935 | E34: =C34*100*D34*0.00783341 | F34: Contraflambeos de techo y muros
B35: RED_1IN | C35: 51.886 | D35: 5.0671 | E35: =C35*100*D35*0.00783341 | F35: Cables de techo Ø1" (PRIS YD 2.54)
B36: Acero total | C36: =SUM(C23:C35) | E36: =SUM(E23:E35) | F36: STAAD (.anl R3.7): TOTAL UNFACTORED WEIGHT = 10,579.79 kg
B38: 4. PESO SÍSMICO W (NTDS: CM + w_i)
B39: Concepto | C39: Valor | D39: Unidad | E39: Cómo se calcula / de dónde sale | F39: Referencia
B40: Acero (peso propio) | C40: =E36/1000 | D40: t | E40: De la sección 3. | F40: —
B41: CM de techo | C41: =C14/1000 | D41: t | E41: De la sección 2 (masa en las 6 cabezas de columna, JOINT LOAD del caso 4). | F41: Hoja NODOS_TECHO
B42: CM de muros | C42: =C15/1000 | D42: t | E42: De la sección 2. En la masa (caso 4) va en los extremos de cada larguero (R3.6). | F42: Hoja MUROS
B43: CM de cortina | C43: =C18/1000 | D43: t | E43: De la sección 2: la mitad arriba de cada jamba (nodos 69 y 70). | F43: DATOS C52 y C53
B44: CV instantánea w_i | C44: =C17/1000 | D44: t | E44: Con pendiente mayor de 5% vale cero. | F44: RESESCO 1996 · Tabla, pág. 12
B45: W — peso total sobre la cimentación | C45: =SUM(C40:C44) | D45: t | E45: CALCULADA. Incluye lo que baja directo a los apoyos (franjas de la base, mitad inferior de columnas y contravientos). | F45: NTDS 1994 · W
B46: W de STAAD (DYNAMIC WEIGHT, .anl R3.7) | C46: 15.842 | D46: t | E46: CAPTURA del .anl R3.7: DYNAMIC WEIGHT X = 15,841.91 kg. Es la que mueve el sismo (STAAD no cuenta la masa que cae en nudos de apoyo). Va a la hoja de espectros. | F46: .anl R3.7
B48: 5. CORTANTE MÍNIMO NTDS §5.4.1(3) → FACTOR DEL SPECTRUM EN STAAD
B49: Concepto | C49: Valor | D49: Unidad | E49: Cómo se calcula / de dónde sale | F49: Referencia
B50: A — zona sísmica (zona 1) | C50: 0.4 | D50: — | E50: CAPTURA. | F50: NTDS 1994
B51: I — factor de importancia (categoría II) | C51: 1.2 | D51: — | E51: CAPTURA. | F51: NTDS 1994
B52: Co — coeficiente de sitio (S3) | C52: 3 | D52: — | E52: CAPTURA. | F52: NTDS 1994
B53: To — periodo de sitio (S3) | C53: 0.6 | D53: s | E53: CAPTURA. | F53: NTDS 1994
B54: R — marco de acero con detallado ordinario | C54: 7 | D54: — | E54: CAPTURA. Sistema A. | F54: NTDS 1994 · Tabla 7
B55: Ct — marcos de acero, sistema A | C55: 0.085 | D55: — | E55: CAPTURA. | F55: NTDS 1994
B56: hn — altura máxima de la nave | C56: =DATOS!$C$15 | D56: m | E56: Del modelo (nodos 7 y 8). | F56: .STD R3.7
B57: T_A = Ct·hn^¾ | C57: =C55*C56^0.75 | D57: s | E57: CALCULADA. Método A. | F57: NTDS 1994
B58: Cs(T_A) = A·I·Co/R·(To/T)^⅔ | C58: =C50*C51*C52/C54*(C53/MAX(C57,C53))^(2/3) | D58: — | E58: CALCULADA. T no menor que To. | F58: NTDS 1994
B59: T_B en X (modo con más masa en X) | C59: 0.356 | D59: s | E59: CAPTURA del .anl R3.7: modo 3, T = 0.356 s, 48.7 % (el modo 1 tiene T = 0.471 s con 9.3 %). | F59: .anl R3.7
B60: T_B en Z (modo con más masa en Z) | C60: 0.113 | D60: s | E60: CAPTURA del .anl R3.7: modo 13, T = 0.113 s, 59.8 %. | F60: .anl R3.7
B61: V_est en X = máx(Cs(T_B), 0.8·Cs(T_A))·W | C61: =MAX(C50*C51*C52/C54*(C53/MAX(C59,C53))^(2/3),0.8*C58)*C46*1000 | D61: kg | E61: CALCULADA con el W de STAAD. | F61: NTDS 1994 · 4.2
B62: V_est en Z = máx(Cs(T_B), 0.8·Cs(T_A))·W | C62: =MAX(C50*C51*C52/C54*(C53/MAX(C60,C53))^(2/3),0.8*C58)*C46*1000 | D62: kg | E62: CALCULADA con el W de STAAD. | F62: NTDS 1994 · 4.2
B63: V mínimo X = máx(0.9·V_est, 0.8·Cs(T_A)·W) | C63: =MAX(0.9*C61,0.8*C58*C46*1000) | D63: kg | E63: CALCULADA. Estructura regular. | F63: NTDS 1994 · 5.4.1(3)
B64: V mínimo Z = máx(0.9·V_est, 0.8·Cs(T_A)·W) | C64: =MAX(0.9*C62,0.8*C58*C46*1000) | D64: kg | E64: CALCULADA. Estructura regular. | F64: NTDS 1994 · 5.4.1(3)
B65: V modal en X (sin factor) | C65: 1652.3 | D65: kg | E65: CAPTURA del .anl R3.7: SRSS del caso 4 = 2,934.40 kg con factor 1.776 → 2,934.40 / 1.776. | F65: .anl R3.7
B66: V modal en Z (sin factor) | C66: 1522.6 | D66: kg | E66: CAPTURA del .anl R3.7: SRSS del caso 5 = 2,934.14 kg con factor 1.927 → 2,934.14 / 1.927. | F66: .anl R3.7
B67: Factor del SPECTRUM en X | C67: =MAX(1,C63/C65) | D67: — | E67: CALCULADA. Va en SPECTRUM SRSS X (casos 4 y 6). R3.7: 1.776. | F67: .STD R3.7
B68: Factor del SPECTRUM en Z | C68: =MAX(1,C64/C66) | D68: — | E68: CALCULADA. Va en SPECTRUM SRSS Z (casos 5 y 7). R3.7: 1.927. | F68: .STD R3.7
