Workbook

Sheet DATOS
B1: ESPECTROS Y CARGAS SÍSMICAS PARA NAVES — EL SALVADOR — DATOS DE ENTRADA
B2: Norma Técnica para Diseño por Sismo NTDS-1994 (MOP, rige en todo el país) y, dentro del AMSS, la Reforma OPAMSS de 2022 que manda usar ASCE/SEI 7-16 con su Anexo 37. Eliges el tipo de estructura de cada dirección de la nave y salen el coeficiente, el cortante basal y el espectro para STAAD.
B4: 1. PROYECTO Y NORMA QUE RIGE
B5: La norma nacional es la NTDS-1994 (parte de la RESESCO). Si el predio está en el Área Metropolitana de San Salvador además rige la Reforma OPAMSS publicada el 6 de enero de 2022, que mete ASCE/SEI 7-16 con su Anexo 37.
B6: Concepto | C6: Valor | D6: Unidad | E6: Cómo se calcula / de dónde sale | F6: Referencia
B7: Proyecto | C7: HANGAR NOSE-DOCK H5-H6 | E7: CAPTURA. Sólo para identificar la corrida. | F7: NTDS-1994 · §1.2.3, pág. 1 (datos que pide la memoria)
B8: Ubicación | C8: Departamento de LA PAZ, EL SALVADOR | E8: CAPTURA. Municipio y departamento. La zona sísmica se elige abajo con el mapa de la Fig. 1. | F8: NTDS-1994 · §1.2.3, pág. 1
B9: ¿El predio está dentro del AMSS? | C9: NO | D9: — | E9: SELECTOR SÍ / NO. El AMSS son 14: San Salvador, Mejicanos, Ayutuxtepeque, Cuscatancingo, Ciudad Delgado, Apopa, Nejapa, Tonacatepeque, Soyapango, Ilopango, San Martín, San Marcos, Santa Tecla y Antiguo Cuscatlán. Fuera de ahí sólo rige la NTDS. | F9: Reforma OPAMSS · Considerando II · DO Tomo 434, pág. 67
B10: ¿Lleva aisladores o disipadores de energía? | C10: NO | D10: — | E10: SELECTOR SÍ / NO. Con SÍ, en el AMSS la ASCE 7-16 es obligatoria y también el estudio de respuesta sísmica local. | F10: Art. VI.7-B lit. C y Anexo 37 punto 1.a · DO págs. 74 y 75
B11: Criterio para comparar ASCE contra la NTDS | C11: FACTORIZADA | D11: — | E11: SELECTOR. FACTORIZADA: la NTDS se lleva a nivel último antes de comparar, porque sus fuerzas son de esfuerzos permisibles y las de ASCE son de resistencia. DIRECTA: se comparan los coeficientes tal cual (menos exigente). Recomendado: FACTORIZADA. | F11: Art. VI.7-B lit. B, DO pág. 73 · Comentarios NTDS, pág. 7 · RESESCO Art. 21, págs. 7 y 8
B12: Factor que se le aplica a la NTDS al comparar | C12: =IF($C$11="FACTORIZADA",1.43,1) -> 1.43 | D12: — | E12: CALCULADA. 1.43 es el mayor factor que la RESESCO le pone al sismo: 0.75 × 1.87 = 1.40 en la ec. (2) y 1.43 en la ec. (3). ASCE lo combina con 1.0. | F12: RESESCO 1996 · Art. 21, ecs. (2) y (3), págs. 7 y 8
B13: Norma que rige el diseño sísmico | C13: =IF($C$9="NO","NTDS-1994",IF($C$10="SÍ","ASCE 7-16","NTDS o ASCE 7-16")) -> NTDS-1994 | D13: — | E13: CALCULADA. Fuera del AMSS: NTDS. En el AMSS con aisladores o disipadores: ASCE 7-16 obligatoria. En el AMSS sin ellos se puede escoger; si usas ASCE hay que demostrar que no queda abajo de la NTDS (hoja COEFICIENTE, sección C). | F13: Art. VI.7-B, lits. A, B y C · DO págs. 73 y 74
B14: ¿Se exige estudio de respuesta sísmica local? | C14: =IF($C$9="NO","NO SE EXIGE",IF(OR($C$10="SÍ",$C$34="SÍ"),"OBLIGATORIO","NO SE EXIGE")) -> NO SE EXIGE | D14: — | E14: CALCULADA. La guía lo pide con aisladores o disipadores (1.a), con inversión de Vs entre estratos (1.f) y en clase F. No es lo mismo que el estudio de amplificación sísmica local. | F14: Anexo 37 · puntos 1.a y 1.f y Tabla 2 · DO págs. 75 y 76
B16: 2. NTDS-1994 — ZONA, SUELO Y OCUPACIÓN
B17: Con A (zona), C_o y T_o (suelo) e I (ocupación) sale el espectro nacional; R lo pone el tipo de estructura de cada dirección (sección 4). Aplica en todo el país, dentro y fuera del AMSS.
B18: Concepto | C18: Valor | D18: Unidad | E18: Cómo se calcula / de dónde sale | F18: Referencia
B19: Zona sísmica | C19: 1 | D19: — | E19: SELECTOR 1 ó 2 con la Fig. 1. La línea divisoria va de San Antonio Pajonal (Santa Ana) a la frontera con Honduras sobre el río Goascorán. Zona 1 al sur: todo el AMSS, la franja costera y todas las islas. Zona 2 al norte. | F19: NTDS-1994 · Tabla 1 y Fig. 1, pág. 19
B20: A — factor de zonificación sísmica | C20: =INDEX(TABLAS!$D$7:$D$8,MATCH($C$19,TABLAS!$B$7:$B$8,0)) -> 0.4 | D20: g | E20: CALCULADA. Aceleración pico efectiva del terreno para el sismo de 10% de excedencia en 50 años. | F20: NTDS-1994 · Tabla 1, pág. 19 · Comentarios, pág. 8
B21: Perfil de suelo | C21: S3 | D21: — | E21: SELECTOR S1 a S4 con el estudio geotécnico. S1 roca o suelo muy denso de menos de 30 m; S2 denso de 30 m o más, o compacto de menos de 30 m; S3 de 4 a 12 m de suelo blando o suelto; S4 más de 12 m blando con Vs < 150 m/s. Sin datos suficientes, S3. | F21: NTDS-1994 · Tabla 2 y nota (1), pág. 20
B22: C_o — coeficiente de sitio | C22: =INDEX(TABLAS!$D$13:$D$16,MATCH($C$21,TABLAS!$B$13:$B$16,0)) -> 3 | D22: — | E22: CALCULADA. Cuántas veces A vale la meseta del espectro. | F22: NTDS-1994 · Tabla 2, pág. 20
B23: T_o — periodo del sitio | C23: =INDEX(TABLAS!$E$13:$E$16,MATCH($C$21,TABLAS!$B$13:$B$16,0)) -> 0.6 | D23: s | E23: CALCULADA. Donde termina la meseta. La meseta empieza en T_o/3. | F23: NTDS-1994 · Tabla 2, pág. 20
B24: Categoría de ocupación | C24: II | D24: — | E24: SELECTOR. I esenciales o peligrosos. II ocupación especial: incluye locales que alojan equipo especialmente costoso y almacenes de 500 m² o más, o de más de 10 m de alto. III ocupación normal, incluye edificaciones industriales. EJEMPLO: II porque el hangar aloja la aeronave; si se acepta como industrial normal, pon III. | F24: NTDS-1994 · Tabla 3, pág. 21
B25: I — factor de importancia | C25: =INDEX(TABLAS!$D$21:$D$23,MATCH($C$24,TABLAS!$B$21:$B$23,0)) -> 1.2 | D25: — | E25: CALCULADA: 1.5 / 1.2 / 1.0. Multiplica todo el espectro. | F25: NTDS-1994 · Tabla 4, pág. 21
B26: Meseta elástica = I·A·C_o (con R = 1) | C26: =$C$25*$C$20*$C$22 -> 1.44 | D26: g | E26: CALCULADA. La de diseño de cada dirección (÷ R) sale en COEFICIENTE y ESPECTROS. | F26: NTDS-1994 · §5.2, pág. 11
B28: 3. ASCE/SEI 7-16 CON EL ANEXO 37 DE OPAMSS (SÓLO AMSS)
B29: La guía fija un solo S_S y S_1 para todo el AMSS y trae su propia clasificación de sitio y sus propios F_a y F_v. Todo lo demás es ASCE 7-16 íntegro. Fuera del AMSS esta sección queda sólo de referencia (sus capturas se ponen grises).
B30: Concepto | C30: Valor | D30: Unidad | E30: Cómo se calcula / de dónde sale | F30: Referencia
B31: S_S — aceleración espectral MCE en 0.2 s | C31: =TABLAS!$D$101 -> 2.21 | D31: g | E31: FIJA. Sismo de 2% de excedencia en 50 años (≈ 2,500 años de retorno). No se busca en mapas: es la misma para todo el AMSS. | F31: Anexo 37 · punto 2 · DO pág. 76
B32: S_1 — aceleración espectral MCE en 1 s | C32: =TABLAS!$D$102 -> 0.62 | D32: g | E32: FIJA. Mismo nivel de peligro. Como S_1 ≥ 0.6 g, siempre aplica el mínimo de la ec. 12.8-6. | F32: Anexo 37 · punto 2 · DO pág. 76
B33: V_s30 — velocidad de onda de corte promedio en 30 m | C33: 250 | D33: m/s | E33: CAPTURA. Medida con métodos directos o indirectos en dos direcciones ortogonales, una medición por cada 2,000 m². No se permite sacarla de SPT o CPT salvo edificios de hasta 2 niveles, de 500 m² o menos y con menos de 100 personas. | F33: Anexo 37 · puntos 1.b y 1.d · DO pág. 75
B34: ¿Suelo especial o inversión de V_s? | C34: NO | D34: — | E34: SELECTOR. SÍ si hay suelos licuables, turbas, arcillas muy sensibles o muy plásticas, o si los datos geofísicos muestran inversión de V_s entre estratos. Con SÍ la clase es F. | F34: Anexo 37 · punto 1.f · DO pág. 76 · ASCE 7-16 §20.3.1
B35: Clase de sitio | C35: =IF($C$34="SÍ","F",IF($C$33>1500,"A",IF($C$33>=760,"B",IF($C$33>=360,"C",IF($C$33>=180,"D","E"))))) -> D | D35: — | E35: CALCULADA con V_s30: A > 1500; B 760–1500; C 360–760; D 180–360; E < 180 m/s. En los límites exactos se toma la clase más rígida. | F35: Anexo 37 · Tabla 1 · DO pág. 75
B36: F_a — coeficiente de sitio en periodo corto | C36: =INDEX(TABLAS!$D$91:$D$96,MATCH($C$35,TABLAS!$B$91:$B$96,0)) -> 1.16 | D36: — | E36: CALCULADA. Tabla propia del Anexo: no depende de S_S. En clase F usa el de E sólo como referencia. | F36: Anexo 37 · Tabla 2 · DO pág. 76 (sustituye la Tabla 11.4-1)
B37: F_v — coeficiente de sitio en 1 s | C37: =INDEX(TABLAS!$E$91:$E$96,MATCH($C$35,TABLAS!$B$91:$B$96,0)) -> 3.25 | D37: — | E37: CALCULADA. Tabla propia del Anexo: no depende de S_1. En clase F usa el de E sólo como referencia. | F37: Anexo 37 · Tabla 2 · DO pág. 76 (sustituye la Tabla 11.4-2)
B38: S_MS = F_a · S_S | C38: =$C$36*$C$31 -> 2.5636 | D38: g | E38: CALCULADA. MCE_R ajustado por sitio, periodo corto. | F38: ASCE 7-16 · ec. 11.4-1
B39: S_M1 = F_v · S_1 | C39: =$C$37*$C$32 -> 2.015 | D39: g | E39: CALCULADA. MCE_R ajustado por sitio, 1 s. | F39: ASCE 7-16 · ec. 11.4-2
B40: S_DS = ⅔ · S_MS | C40: =2/3*$C$38 -> 1.7090667 | D40: g | E40: CALCULADA. Meseta del espectro de diseño (elástico). | F40: ASCE 7-16 · ec. 11.4-3
B41: S_D1 = ⅔ · S_M1 | C41: =2/3*$C$39 -> 1.3433333 | D41: g | E41: CALCULADA. Ordenada de diseño en T = 1 s. | F41: ASCE 7-16 · ec. 11.4-4
B42: T_0 = 0.2 · S_D1 / S_DS | C42: =0.2*$C$41/$C$40 -> 0.15720081 | D42: s | E42: CALCULADA. Donde empieza la meseta. | F42: ASCE 7-16 · §11.4.6
B43: T_S = S_D1 / S_DS | C43: =$C$41/$C$40 -> 0.78600406 | D43: s | E43: CALCULADA. Donde termina la meseta. | F43: ASCE 7-16 · §11.4.6
B44: T_L — periodo de transición a periodo largo | C44: 8 | D44: s | E44: CAPTURA. El Anexo 37 no lo fija y los mapas de ASCE (Figs. 22-14 a 22-17) no cubren El Salvador. Se proponen 8 s; sólo afecta a periodos mayores que T_L y un valor mayor es más conservador. Confírmalo con OPAMSS o con el estudio de sitio. | F44: ASCE 7-16 · §11.4.6 · no definido en el Anexo 37
B45: Categoría de riesgo (ASCE) | C45: II | D45: — | E45: SELECTOR I a IV. Equivalencia sugerida con las categorías de OPAMSS (Art. VI.3): Cat. 1 esenciales o peligrosos → IV; Cat. 2 ocupación especial → III; Cat. 3 ocupación normal → II. La equivalencia es criterio de esta hoja. | F45: ASCE 7-16 · Tabla 1.5-1 · OPAMSS Art. VI.3, DO págs. 68 y 69
B46: I_e — factor de importancia sísmica | C46: =INDEX(TABLAS!$D$107:$D$110,MATCH($C$45,TABLAS!$B$107:$B$110,0)) -> 1 | D46: — | E46: CALCULADA: 1.00 / 1.00 / 1.25 / 1.50. | F46: ASCE 7-16 · Tabla 1.5-2
B47: Categoría de diseño sísmico (SDC) | C47: =MID("ABCDEF",IF($C$32>=0.75,IF($C$45="IV",6,5),MAX(IF($C$40<0.167,1,IF($C$40<0.33,IF($C$45="IV",3,2),IF($C$40<0.5,IF($C$45="IV",4,3),4))),IF($C$41<0.067,1,IF($C$41<0.133,IF($C$45="IV",3,2),IF($C$41<0.2,IF($C$45="IV",4,3),4))))),1) -> D | D47: — | E47: CALCULADA con S_DS y S_D1 (manda la más severa). Con los valores del AMSS sale D para cualquier clase de sitio. | F47: ASCE 7-16 · §11.6, Tablas 11.6-1 y 11.6-2
B48: ¿Carga muerta de techo ≤ 0.96 kPa (≈ 98 kg/m²)? | C48: SÍ | D48: — | E48: SELECTOR. En naves de un nivel ASCE permite en SDC D los marcos ordinarios e intermedios de acero y el contraventeo concéntrico ordinario sólo si la muerta de techo no pasa de 0.96 kPa. | F48: ASCE 7-16 · §12.2.5.6.1, §12.2.5.7.1 y nota j de la Tabla 12.2-1
B50: 4. LA NAVE: TIPO DE ESTRUCTURA, ALTURA Y PESO
B51: X = dirección transversal (en el plano de los marcos); Z = dirección longitudinal (a lo largo de la nave). El tipo de estructura de cada dirección saca R, C_d y Ω_0 de la Tabla 7 de la NTDS y de la 12.2-1 de ASCE (catálogo de naves en TABLAS).
B52: Concepto | C52: Valor | D52: Unidad | E52: Cómo se calcula / de dónde sale | F52: Referencia
B53: Tipo de estructura — dirección X (transversal) | C53: MARCO RÍGIDO ORDINARIO | D53: — | E53: SELECTOR. Del modelo 001_NOSE_DOCK_H5_H6_R2.9.STD: marcos de los ejes 1, 2 y 3 con columnas HSS10×10×5/16 y vigas MCC12-12 sin liberaciones (conexión rígida). | F53: Catálogo en TABLAS · NTDS Tabla 7, pág. 23 · ASCE Tabla 12.2-1
B54: Tipo de estructura — dirección Z (longitudinal) | C54: MARCO RÍGIDO ORDINARIO | D54: — | E54: SELECTOR. Del modelo: no hay contravientos; en Z trabajan los marcos de los ejes A y B (columnas + vigas de alero MCC12-12 rígidas). Si agregas contravientos, cambia este tipo. | F54: Catálogo en TABLAS · NTDS Tabla 7, pág. 23 · ASCE Tabla 12.2-1
B55: h_n — altura de la nave | C55: 10.015 | D55: m | E55: CAPTURA. Del modelo R2.9: base de columnas en Y = 0; techo a 10.43 m en el eje 1 y a 9.60 m en el eje 3 (pendiente en Z) → promedio (10.43 + 9.60)/2 = 10.02 m. | F55: NTDS-1994 · §4.2.2, pág. 7 · ASCE 7-16 §11.2
B56: Número de niveles | C56: 1 | D56: — | E56: CAPTURA. Nave sin entrepisos = 1. Sirve para el método estático en estructuras irregulares y para las excepciones de un nivel de ASCE. | F56: NTDS-1994 · §3.9, pág. 6 · ASCE 7-16 §12.2.5
B57: ¿Estructura regular? | C57: SÍ | D57: — | E57: SELECTOR SÍ / NO. Regular si no tiene ninguna irregularidad de las Tablas 5 y 6 de la NTDS (12.3-1 y 12.3-2 de ASCE). Decide si procede el método estático y cómo se escala el dinámico. | F57: NTDS-1994 · §3.5 y Tablas 5 y 6, págs. 4 y 22
B58: T del modelo — dirección X (opcional) | C58: 0.375 | D58: s | E58: CAPTURA de STAAD: periodo del modo con mayor masa en X (.anl). Con 0 se usa el aproximado. | F58: NTDS §4.2.2 (2), págs. 7 y 8 · ASCE §12.8.2
B59: T del modelo — dirección Z (opcional) | C59: 0.12 | D59: s | E59: CAPTURA de STAAD: periodo del modo con mayor masa en Z (.anl). Con 0 se usa el aproximado. | F59: NTDS §4.2.2 (2), págs. 7 y 8 · ASCE §12.8.2
B60: W para la NTDS | C60: 17.177 | D60: t | E60: CAPTURA de STAAD: DYNAMIC WEIGHT X Y Z = 17,177.35 kg (.anl R3.3). | F60: NTDS §4.1.3, pág. 7 · RESESCO Art. 25.2, pág. 10 y tabla, pág. 12
B61: W para ASCE | C61: 17.177 | D61: t | E61: CAPTURA de STAAD: igual que la NTDS. | F61: ASCE 7-16 · §12.7.2
B62: ¿Están completos y consistentes los datos? | C62: =IF($C$55<=0,"FALTA h_n",IF(OR($C$60<=0,$C$61<=0),"FALTA W",IF(AND($C$9="SÍ",$C$35="F"),"OJO: clase F, manda el estudio de sitio",IF(OR(LEFT(COEFICIENTE!$C$15,2)="NO",LEFT(COEFICIENTE!$D$15,2)="NO"),"OJO: h_n pasa el límite de la Tabla 7",IF(AND($C$9="SÍ",OR(LEFT(COEFICIENTE!$C$40,2)="NO",LEFT(COEFICIENTE!$D$40,2)="NO")),"OJO: sistema ASCE no permitido en SDC D","SÍ — datos completos; sigue en COEFICIENTE"))))) -> SÍ — datos completos; sigue en COEFICIENTE | E62: Semáforo de esta hoja: FALTA en rojo, OJO en amarillo. Si sale SÍ, ve a ESPECTROS. | F62: Revisión de esta hoja

Sheet COEFICIENTE
B1: COEFICIENTE SÍSMICO Y CORTANTE BASAL POR DIRECCIÓN — RESULTADO
B2: V = C_s·W en cada dirección de la nave: X (transversal) y Z (longitudinal). Aquí salen el cortante estático, el mínimo para escalar el modal y la revisión que pide OPAMSS: que la demanda de ASCE no quede abajo de la NTDS.
B3: =IF(LEFT(DATOS!$C$62,5)="FALTA","¡ATENCIÓN! Faltan datos en DATOS ("&DATOS!$C$62&").",IF(AND(DATOS!$C$9="SÍ",DATOS!$C$35="F"),"¡ATENCIÓN! Clase F: manda el estudio de respuesta sísmica local; el espectro ASCE usa F_a y F_v de la clase E sólo como referencia.",IF(DATOS!$C$14="OBLIGATORIO","¡ATENCIÓN! La guía de OPAMSS exige estudio de respuesta sísmica local para este caso.",IF(OR(LEFT($C$15,2)="NO",LEFT($D$15,2)="NO"),"¡ATENCIÓN! h_n pasa la altura límite de la Tabla 7 para el sistema elegido.",IF(OR(LEFT($C$26,2)="NO",LEFT($D$26,2)="NO"),"¡ATENCIÓN! El método estático no procede: usa el espectro (hoja STAAD).",IF(AND(DATOS!$C$9="SÍ",OR(LEFT($C$40,2)="NO",LEFT($D$40,2)="NO")),"¡ATENCIÓN! El sistema ASCE no está permitido en SDC D a esa altura.",IF(AND(DATOS!$C$9="SÍ",OR(LEFT($C$63,9)="NO CUMPLE",LEFT($D$63,9)="NO CUMPLE")),"¡ATENCIÓN! ASCE queda abajo de la NTDS: calibra con el factor de la sección C.","Sin alertas: datos completos y sistemas dentro de sus límites."))))))) -> Sin alertas: datos completos y sistemas dentro de sus límites.
B4: CÓMO SE LEE: columna C = dirección X, columna D = dirección Z. La sección A es la norma nacional, la B es ASCE con el Anexo 37 (fuera del AMSS sólo es referencia, en gris) y la C es la comprobación de OPAMSS. V sale en toneladas con los W de DATOS. Aquí no se captura nada.
B6: A. NTDS-1994 — MÉTODO ESTÁTICO (§4.2)
B7: V = C_s·W. Si capturaste el periodo del modelo se usa con el tope del 80%; si no, el del Método A. Fuerzas a nivel de esfuerzos permisibles.
B8: Concepto | C8: Dir. X (transversal) | D8: Dir. Z (longitudinal) | E8: Unidad | F8: Cómo se calcula / de dónde sale | G8: Referencia
B9: Tipo de estructura | C9: =DATOS!$C$53 -> MARCO RÍGIDO ORDINARIO | D9: =DATOS!$C$54 -> MARCO RÍGIDO ORDINARIO | E9: — | F9: De DATOS §4. | G9: DATOS §4
B10: Sistema de la Tabla 7 — código | C10: =INDEX(TABLAS!$D$50:$D$60,MATCH(DATOS!$C$53,TABLAS!$C$50:$C$60,0)) -> A3 | D10: =INDEX(TABLAS!$D$50:$D$60,MATCH(DATOS!$C$54,TABLAS!$C$50:$C$60,0)) -> A3 | E10: — | F10: Del catálogo de naves (TABLAS). | G10: NTDS-1994 · Tabla 7, pág. 23 · catálogo en TABLAS
B11: Sistema de la Tabla 7 — descripción | C11: =INDEX(TABLAS!$C$28:$C$45,MATCH($C$10,TABLAS!$B$28:$B$45,0)) -> Sistema A — marcos de acero con detallado ordinario | D11: =INDEX(TABLAS!$C$28:$C$45,MATCH($D$10,TABLAS!$B$28:$B$45,0)) -> Sistema A — marcos de acero con detallado ordinario | E11: — | F11: Sistemas A a E definidos en §3.6. | G11: NTDS-1994 · §3.6, págs. 4 y 5
B12: R — factor de modificación de respuesta | C12: =INDEX(TABLAS!$E$28:$E$45,MATCH($C$10,TABLAS!$B$28:$B$45,0)) -> 7 | D12: =INDEX(TABLAS!$E$28:$E$45,MATCH($D$10,TABLAS!$B$28:$B$45,0)) -> 7 | E12: — | F12: Divide el espectro. Está a nivel de esfuerzos permisibles. | G12: NTDS-1994 · Tabla 7, pág. 23
B13: C_d — amplificación de desplazamientos | C13: =INDEX(TABLAS!$D$28:$D$45,MATCH($C$10,TABLAS!$B$28:$B$45,0)) -> 6 | D13: =INDEX(TABLAS!$D$28:$D$45,MATCH($D$10,TABLAS!$B$28:$B$45,0)) -> 6 | E13: — | F13: Desplazamiento de diseño = C_d × el elástico del análisis; la deriva se compara con la Tabla 8 (TABLAS). | G13: NTDS-1994 · ec. 4.11, pág. 9 · Tabla 8, pág. 24
B14: H — altura límite del sistema | C14: =INDEX(TABLAS!$F$28:$F$45,MATCH($C$10,TABLAS!$B$28:$B$45,0)) -> 30 | D14: =INDEX(TABLAS!$F$28:$F$45,MATCH($D$10,TABLAS!$B$28:$B$45,0)) -> 30 | E14: m | F14: S.L. = sin límite. | G14: NTDS-1994 · Tabla 7, pág. 23
B15: ¿h_n dentro del límite? | C15: =IF(ISNUMBER($C$14),IF(DATOS!$C$55<=$C$14,"SÍ","NO — excede "&TEXT($C$14,"0")&" m"),"SÍ — sin límite") -> SÍ | D15: =IF(ISNUMBER($D$14),IF(DATOS!$C$55<=$D$14,"SÍ","NO — excede "&TEXT($D$14,"0")&" m"),"SÍ — sin límite") -> SÍ | E15: — | F15: Revisa la h_n de DATOS contra H. | G15: NTDS-1994 · Tabla 7, pág. 23
B16: Tipo para el periodo aproximado | C16: =INDEX(TABLAS!$F$50:$F$60,MATCH(DATOS!$C$53,TABLAS!$C$50:$C$60,0)) -> MARCOS ACERO | D16: =INDEX(TABLAS!$F$50:$F$60,MATCH(DATOS!$C$54,TABLAS!$C$50:$C$60,0)) -> MARCOS ACERO | E16: — | F16: Del catálogo. Define C_t. | G16: NTDS ec. 4.3, pág. 7 · ASCE Tabla 12.8-2
B17: C_t — NTDS | C17: =INDEX(TABLAS!$D$65:$D$69,MATCH($C$16,TABLAS!$B$65:$B$69,0)) -> 0.085 | D17: =INDEX(TABLAS!$D$65:$D$69,MATCH($D$16,TABLAS!$B$65:$B$69,0)) -> 0.085 | E17: — | F17: 0.085 marcos de acero, 0.073 marcos de concreto, 0.049 lo demás. | G17: NTDS-1994 · §4.2.2 (1), pág. 7
B18: T — Método A = C_t · h_n^(3/4) | C18: =$C$17*DATOS!$C$55^(3/4) -> 0.47852776 | D18: =$D$17*DATOS!$C$55^(3/4) -> 0.47852776 | E18: s | F18: Periodo empírico: límite inferior del real. | G18: NTDS-1994 · ec. 4.3, pág. 7
B19: T que se usa | C19: =IF(DATOS!$C$58>0,DATOS!$C$58,$C$18) -> 0.375 | D19: =IF(DATOS!$C$59>0,DATOS!$C$59,$D$18) -> 0.12 | E19: s | F19: CALCULADA. Periodo del modelo si lo capturaste; si no, el del Método A. | G19: NTDS-1994 · §4.2.2, pág. 7
B20: T para la ec. 4.2 (entre T_o y 6T_o) | C20: =MIN(MAX($C$19,DATOS!$C$23),6*DATOS!$C$23) -> 0.6 | D20: =MIN(MAX($D$19,DATOS!$C$23),6*DATOS!$C$23) -> 0.6 | E20: s | F20: CALCULADA. La norma no deja usar un T menor que T_o ni mayor que 6T_o en esta ecuación. | G20: NTDS-1994 · §4.2.1, pág. 7
B21: C_s con ese T = A·I·C_o / R · (T_o/T)^(2/3) | C21: =DATOS!$C$20*DATOS!$C$25*DATOS!$C$22/$C$12*(DATOS!$C$23/$C$20)^(2/3) -> 0.20571429 | D21: =DATOS!$C$20*DATOS!$C$25*DATOS!$C$22/$D$12*(DATOS!$C$23/$D$20)^(2/3) -> 0.20571429 | E21: — | F21: CALCULADA. | G21: NTDS-1994 · ec. 4.2, pág. 7
B22: C_s con el T del Método A | C22: =DATOS!$C$20*DATOS!$C$25*DATOS!$C$22/$C$12*(DATOS!$C$23/MIN(MAX($C$18,DATOS!$C$23),6*DATOS!$C$23))^(2/3) -> 0.20571429 | D22: =DATOS!$C$20*DATOS!$C$25*DATOS!$C$22/$D$12*(DATOS!$C$23/MIN(MAX($D$18,DATOS!$C$23),6*DATOS!$C$23))^(2/3) -> 0.20571429 | E22: — | F22: CALCULADA. Referencia para el tope del 80% y para escalar el dinámico. | G22: NTDS-1994 · §4.2.2 (2), págs. 7 y 8
B23: C_s de diseño | C23: =IF(DATOS!$C$58>0,MAX($C$21,0.8*$C$22),$C$22) -> 0.20571429 | D23: =IF(DATOS!$C$59>0,MAX($D$21,0.8*$D$22),$D$22) -> 0.20571429 | E23: — | F23: CALCULADA. Con periodo del modelo, nunca menos del 80% del de Método A. | G23: NTDS-1994 · §4.2.2 (2), pág. 8
B24: V = C_s · W | C24: =$C$23*DATOS!$C$60 -> 3.5335543 | D24: =$D$23*DATOS!$C$60 -> 3.5335543 | E24: t | F24: CALCULADA con el W de la NTDS. Es fuerza a nivel de esfuerzos permisibles. | G24: NTDS-1994 · ec. 4.1, pág. 7
B25: F_t / V — fuerza extra en el último nivel | C25: =IF($C$19<=0.7,0,MIN(0.07*$C$19,0.25)) -> 0 | D25: =IF($D$19<=0.7,0,MIN(0.07*$D$19,0.25)) -> 0 | E25: — | F25: CALCULADA. F_t = 0.07·T·V ≤ 0.25V y vale cero si T ≤ 0.7 s. El resto (V − F_t) se reparte proporcional a w_x·h_x. | G25: NTDS-1994 · ecs. 4.6 a 4.8, pág. 8
B26: ¿Procede el método estático? | C26: =IF(DATOS!$C$57="SÍ",IF(AND(DATOS!$C$55<70,NOT(AND(DATOS!$C$21="S4",$C$19>0.7))),"SÍ — regular < 70 m","NO — usar dinámico"),IF(AND(DATOS!$C$56<=5,DATOS!$C$55<=20),"SÍ — irregular chico","NO — usar dinámico")) -> SÍ — regular < 70 m | D26: =IF(DATOS!$C$57="SÍ",IF(AND(DATOS!$C$55<70,NOT(AND(DATOS!$C$21="S4",$D$19>0.7))),"SÍ — regular < 70 m","NO — usar dinámico"),IF(AND(DATOS!$C$56<=5,DATOS!$C$55<=20),"SÍ — irregular chico","NO — usar dinámico")) -> SÍ — regular < 70 m | E26: — | F26: Regular: sí hasta 70 m, salvo suelo S4 con T > 0.7 s. Irregular: sólo hasta 5 pisos y 20 m (y cumpliendo §3.8.1). Si no, análisis dinámico del Capítulo 5. | G26: NTDS-1994 · §3.9, pág. 6
B27: Cortante mínimo para escalar el dinámico (÷ W) | C27: =IF(DATOS!$C$57="SÍ",MAX(0.9*$C$23,0.8*$C$22),$C$23) -> 0.18514286 | D27: =IF(DATOS!$C$57="SÍ",MAX(0.9*$D$23,0.8*$D$22),$D$23) -> 0.18514286 | E27: — | F27: CALCULADA. Regular: el mayor de 90% del estático y 80% del de Método A. Irregular: 100% del estático. Nunca hace falta usar más que el estático. | G27: NTDS-1994 · §5.4.1 (3), pág. 12
B28: C_s llevado a nivel último (× factor de DATOS) | C28: =$C$23*DATOS!$C$12 -> 0.29417143 | D28: =$D$23*DATOS!$C$12 -> 0.29417143 | E28: — | F28: CALCULADA. Es el que se compara contra ASCE cuando el criterio es FACTORIZADA. | G28: RESESCO 1996 · Art. 21, págs. 7 y 8
B30: B. ASCE 7-16 CON EL ANEXO 37 — FUERZA LATERAL EQUIVALENTE (§12.8)
B31: V = C_s·W. El análisis modal espectral se escala al 100% de este V. Fuera del AMSS es sólo de referencia.
B32: Concepto | C32: Dir. X (transversal) | D32: Dir. Z (longitudinal) | E32: Unidad | F32: Cómo se calcula / de dónde sale | G32: Referencia
B33: Sistema de la Tabla 12.2-1 — código | C33: =INDEX(TABLAS!$E$50:$E$60,MATCH(DATOS!$C$53,TABLAS!$C$50:$C$60,0)) -> C4 | D33: =INDEX(TABLAS!$E$50:$E$60,MATCH(DATOS!$C$54,TABLAS!$C$50:$C$60,0)) -> C4 | E33: — | F33: Del catálogo de naves (TABLAS). | G33: ASCE 7-16 · Tabla 12.2-1 · catálogo en TABLAS
B34: Sistema de la Tabla 12.2-1 — descripción | C34: =INDEX(TABLAS!$C$124:$C$144,MATCH($C$33,TABLAS!$B$124:$B$144,0)) -> Marcos ordinarios de acero a momento (OMF) | D34: =INDEX(TABLAS!$C$124:$C$144,MATCH($D$33,TABLAS!$B$124:$B$144,0)) -> Marcos ordinarios de acero a momento (OMF) | E34: — | F34: Extracto en TABLAS. | G34: ASCE 7-16 · Tabla 12.2-1
B35: R — coeficiente de modificación de respuesta | C35: =INDEX(TABLAS!$D$124:$D$144,MATCH($C$33,TABLAS!$B$124:$B$144,0)) -> 3.5 | D35: =INDEX(TABLAS!$D$124:$D$144,MATCH($D$33,TABLAS!$B$124:$B$144,0)) -> 3.5 | E35: — | F35: Está a nivel de resistencia. | G35: ASCE 7-16 · Tabla 12.2-1
B36: Ω_0 — factor de sobrerresistencia | C36: =INDEX(TABLAS!$E$124:$E$144,MATCH($C$33,TABLAS!$B$124:$B$144,0)) -> 3 | D36: =INDEX(TABLAS!$E$124:$E$144,MATCH($D$33,TABLAS!$B$124:$B$144,0)) -> 3 | E36: — | F36: CALCULADA. Para los elementos y conexiones que se diseñan con el sismo amplificado. | G36: ASCE 7-16 · Tabla 12.2-1 · §12.4.3
B37: C_d — amplificación de desplazamientos | C37: =INDEX(TABLAS!$F$124:$F$144,MATCH($C$33,TABLAS!$B$124:$B$144,0)) -> 3 | D37: =INDEX(TABLAS!$F$124:$F$144,MATCH($D$33,TABLAS!$B$124:$B$144,0)) -> 3 | E37: — | F37: CALCULADA. Desplazamiento de diseño = C_d · δ_e / I_e. | G37: ASCE 7-16 · Tabla 12.2-1 · ec. 12.8-15
B38: Límite de altura del sistema en SDC D | C38: =INDEX(TABLAS!$G$124:$G$144,MATCH($C$33,TABLAS!$B$124:$B$144,0)) -> NP | D38: =INDEX(TABLAS!$G$124:$G$144,MATCH($D$33,TABLAS!$B$124:$B$144,0)) -> NP | E38: m | F38: NL = sin límite; NP = no permitido. | G38: ASCE 7-16 · Tabla 12.2-1, columna de SDC D
B39: Excepción de un nivel: h_n máxima | C39: =INDEX(TABLAS!$I$124:$I$144,MATCH($C$33,TABLAS!$B$124:$B$144,0)) -> 20 | D39: =INDEX(TABLAS!$I$124:$I$144,MATCH($D$33,TABLAS!$B$124:$B$144,0)) -> 20 | E39: m | F39: Marcos ordinarios o intermedios de acero y contraventeo concéntrico ordinario en naves de un nivel con muerta de techo ≤ 0.96 kPa. | G39: ASCE 7-16 · §12.2.5.6.1, §12.2.5.7.1 y nota j
B40: ¿Sistema permitido a esa altura (SDC D)? | C40: =IF($C$38="NL","SÍ — sin límite",IF(AND(ISNUMBER($C$38),DATOS!$C$55<=$C$38),"SÍ",IF(AND(ISNUMBER($C$39),DATOS!$C$56=1,DATOS!$C$55<=$C$39,DATOS!$C$48="SÍ"),"SÍ — excepción de un nivel",IF($C$38="NP","NO — NP en SDC D","NO — excede "&TEXT($C$38,"0.0")&" m")))) -> SÍ — excepción de un nivel | D40: =IF($D$38="NL","SÍ — sin límite",IF(AND(ISNUMBER($D$38),DATOS!$C$55<=$D$38),"SÍ",IF(AND(ISNUMBER($D$39),DATOS!$C$56=1,DATOS!$C$55<=$D$39,DATOS!$C$48="SÍ"),"SÍ — excepción de un nivel",IF($D$38="NP","NO — NP en SDC D","NO — excede "&TEXT($D$38,"0.0")&" m")))) -> SÍ — excepción de un nivel | E40: — | F40: Con la h_n, el número de niveles y la muerta de techo de DATOS. Con marcos ordinarios revisa además que los muros de más de 10.7 m de altura no pasen de 0.96 kPa. | G40: ASCE 7-16 · Tabla 12.2-1 y §12.2.5
B41: C_t — ASCE (valor métrico) | C41: =INDEX(TABLAS!$E$65:$E$69,MATCH($C$16,TABLAS!$B$65:$B$69,0)) -> 0.0724 | D41: =INDEX(TABLAS!$E$65:$E$69,MATCH($D$16,TABLAS!$B$65:$B$69,0)) -> 0.0724 | E41: — | F41: Tabla 12.8-2 con h_n en metros. | G41: ASCE 7-16 · Tabla 12.8-2
B42: x — exponente de ASCE | C42: =INDEX(TABLAS!$F$65:$F$69,MATCH($C$16,TABLAS!$B$65:$B$69,0)) -> 0.8 | D42: =INDEX(TABLAS!$F$65:$F$69,MATCH($D$16,TABLAS!$B$65:$B$69,0)) -> 0.8 | E42: — | F42: Tabla 12.8-2. | G42: ASCE 7-16 · Tabla 12.8-2
B43: T_a = C_t · h_n^x | C43: =$C$41*DATOS!$C$55^$C$42 -> 0.45736121 | D43: =$D$41*DATOS!$C$55^$D$42 -> 0.45736121 | E43: s | F43: Periodo aproximado de ASCE. | G43: ASCE 7-16 · ec. 12.8-7
B44: C_u — límite superior del periodo | C44: =IF(DATOS!$C$41>=0.3,1.4,IF(DATOS!$C$41>=0.2,1.5-(DATOS!$C$41-0.2),IF(DATOS!$C$41>=0.15,1.6-2*(DATOS!$C$41-0.15),IF(DATOS!$C$41>0.1,1.7-2*(DATOS!$C$41-0.1),1.7)))) -> 1.4 | D44: =IF(DATOS!$C$41>=0.3,1.4,IF(DATOS!$C$41>=0.2,1.5-(DATOS!$C$41-0.2),IF(DATOS!$C$41>=0.15,1.6-2*(DATOS!$C$41-0.15),IF(DATOS!$C$41>0.1,1.7-2*(DATOS!$C$41-0.1),1.7)))) -> 1.4 | E44: — | F44: CALCULADA con S_D1 (≥ 0.3 g → 1.4; con los valores del AMSS siempre 1.4). | G44: ASCE 7-16 · Tabla 12.8-1
B45: T que se usa | C45: =MAX(0.01,IF(DATOS!$C$58>0,MIN(DATOS!$C$58,$C$44*$C$43),$C$43)) -> 0.375 | D45: =MAX(0.01,IF(DATOS!$C$59>0,MIN(DATOS!$C$59,$D$44*$D$43),$D$43)) -> 0.12 | E45: s | F45: CALCULADA. Periodo del modelo sin pasar de C_u·T_a; si no hay modelo, T_a. | G45: ASCE 7-16 · §12.8.2
B46: C_s = S_DS / (R/I_e) | C46: =DATOS!$C$40/($C$35/DATOS!$C$46) -> 0.48830476 | D46: =DATOS!$C$40/($D$35/DATOS!$C$46) -> 0.48830476 | E46: — | F46: Meseta. | G46: ASCE 7-16 · ec. 12.8-2
B47: C_s máximo (ramas 1/T y 1/T²) | C47: =IF($C$45<=DATOS!$C$44,DATOS!$C$41/($C$45*$C$35/DATOS!$C$46),DATOS!$C$41*DATOS!$C$44/($C$45^2*$C$35/DATOS!$C$46)) -> 1.0234921 | D47: =IF($D$45<=DATOS!$C$44,DATOS!$C$41/($D$45*$D$35/DATOS!$C$46),DATOS!$C$41*DATOS!$C$44/($D$45^2*$D$35/DATOS!$C$46)) -> 3.1984127 | E47: — | F47: CALCULADA. | G47: ASCE 7-16 · ecs. 12.8-3 y 12.8-4
B48: C_s mínimo general | C48: =MAX(0.044*DATOS!$C$40*DATOS!$C$46,0.01) -> 0.075198933 | D48: =MAX(0.044*DATOS!$C$40*DATOS!$C$46,0.01) -> 0.075198933 | E48: — | F48: Es 0.044·S_DS·I_e, sin bajar de 0.01. | G48: ASCE 7-16 · ec. 12.8-5
B49: C_s mínimo por S_1 ≥ 0.6 g | C49: =IF(DATOS!$C$32>=0.6,0.5*DATOS!$C$32/($C$35/DATOS!$C$46),0) -> 0.088571429 | D49: =IF(DATOS!$C$32>=0.6,0.5*DATOS!$C$32/($D$35/DATOS!$C$46),0) -> 0.088571429 | E49: — | F49: CALCULADA = 0.5·S_1 / (R/I_e). En el AMSS siempre aplica porque S_1 = 0.62 g. | G49: ASCE 7-16 · ec. 12.8-6
B50: C_s de diseño | C50: =MAX(MIN($C$46,$C$47),$C$48,$C$49) -> 0.48830476 | D50: =MAX(MIN($D$46,$D$47),$D$48,$D$49) -> 0.48830476 | E50: — | F50: CALCULADA. El menor de meseta y rama descendente, sin bajar de los mínimos. | G50: ASCE 7-16 · §12.8.1.1
B51: V = C_s · W | C51: =$C$50*DATOS!$C$61 -> 8.3876109 | D51: =$D$50*DATOS!$C$61 -> 8.3876109 | E51: t | F51: CALCULADA con el W de ASCE. Es fuerza a nivel de resistencia. | G51: ASCE 7-16 · ec. 12.8-1
B52: k — exponente de la distribución vertical | C52: =IF($C$45<=0.5,1,IF($C$45>=2.5,2,1+($C$45-0.5)/2)) -> 1 | D52: =IF($D$45<=0.5,1,IF($D$45>=2.5,2,1+($D$45-0.5)/2)) -> 1 | E52: — | F52: CALCULADA. F_x proporcional a w_x·h_x^k. | G52: ASCE 7-16 · §12.8.3
B53: ¿Se permite la fuerza lateral equivalente? | C53: =IF(OR(AND(OR(DATOS!$C$45="I",DATOS!$C$45="II"),DATOS!$C$56<=2),AND(DATOS!$C$57="SÍ",$C$45<3.5*DATOS!$C$43)),"SÍ","NO / REVISAR Tabla 12.6-1") -> SÍ | D53: =IF(OR(AND(OR(DATOS!$C$45="I",DATOS!$C$45="II"),DATOS!$C$56<=2),AND(DATOS!$C$57="SÍ",$D$45<3.5*DATOS!$C$43)),"SÍ","NO / REVISAR Tabla 12.6-1") -> SÍ | E53: — | F53: SDC D: sí en estructuras regulares con T < 3.5·T_S, o de categoría I–II con 2 niveles o menos. Con irregularidades revisa la Tabla 12.6-1. | G53: ASCE 7-16 · Tabla 12.6-1
B54: Cortante mínimo para escalar el modal (÷ W) | C54: =$C$50 -> 0.48830476 | D54: =$D$50 -> 0.48830476 | E54: — | F54: CALCULADA. El modal se escala al 100% del V de la fuerza lateral equivalente. | G54: ASCE 7-16 · §12.9.1.4.1
B55: Desplazamiento de diseño = (C_d / I_e) × δ_e | C55: =$C$37/DATOS!$C$46 -> 3 | D55: =$D$37/DATOS!$C$46 -> 3 | E55: × | F55: CALCULADA. Compara la deriva con la Tabla 12.12-1 (en TABLAS). | G55: ASCE 7-16 · ec. 12.8-15 · Tabla 12.12-1
B57: C. VERIFICACIÓN OPAMSS — ¿LA DEMANDA DE ASCE ES MAYOR O IGUAL QUE LA DE LA NTDS?
B58: El Art. VI.7-B pide que, si diseñas con ASCE, compruebes que la demanda no es menor que la de la norma nacional; si sale menor, hay que calibrarla. Se revisa con el cortante estático y ordenada por ordenada del espectro.
B59: Concepto | C59: Dir. X (transversal) | D59: Dir. Z (longitudinal) | E59: Unidad | F59: Cómo se calcula / de dónde sale | G59: Referencia
B60: V de la NTDS a comparar (× factor de DATOS) | C60: =$C$24*DATOS!$C$12 -> 5.0529826 | D60: =$D$24*DATOS!$C$12 -> 5.0529826 | E60: t | F60: CALCULADA = V_NTDS × factor (1.43 con FACTORIZADA). | G60: Art. VI.7-B lit. B · DO pág. 73
B61: V de ASCE | C61: =$C$51 -> 8.3876109 | D61: =$D$51 -> 8.3876109 | E61: t | F61: CALCULADA. | G61: Sección B de esta hoja
B62: Relación V_ASCE / V_NTDS | C62: =IF($C$60>0,$C$61/$C$60,0) -> 1.6599327 | D62: =IF($D$60>0,$D$61/$D$60,0) -> 1.6599327 | E62: — | F62: Debe ser ≥ 1.0. | G62: Art. VI.7-B lit. B · DO págs. 73 y 74
B63: Resultado con el cortante estático | C63: =IF(DATOS!$C$9="NO","NO APLICA — fuera del AMSS",IF($C$62>=1,"CUMPLE","NO CUMPLE — calibrar")) -> NO APLICA — fuera del AMSS | D63: =IF(DATOS!$C$9="NO","NO APLICA — fuera del AMSS",IF($D$62>=1,"CUMPLE","NO CUMPLE — calibrar")) -> NO APLICA — fuera del AMSS | E63: — | F63: Si no cumple, las fuerzas de ASCE se multiplican por el factor de abajo. | G63: Art. VI.7-B lit. B · DO págs. 73 y 74
B64: Factor de calibración del cortante ASCE | C64: =IF($C$62>0,MAX(1,1/$C$62),1) -> 1 | D64: =IF($D$62>0,MAX(1,1/$D$62),1) -> 1 | E64: — | F64: CALCULADA. 1.00 si ya cumple. | G64: Art. VI.7-B lit. B · DO pág. 74
B65: Relación mínima a lo largo del espectro (0 a 10 s) | C65: =MIN(ESPECTROS!$L$73:$L$179) -> 1.1553878 | D65: =MIN(ESPECTROS!$M$73:$M$179) -> 1.1553878 | E65: — | F65: CALCULADA en ESPECTROS: ASCE reducido / NTDS a comparar, ordenada por ordenada. | G65: ESPECTROS · columnas L y M
B66: Periodo donde ocurre | C66: =INDEX(ESPECTROS!$B$73:$B$179,MATCH($C$65,ESPECTROS!$L$73:$L$179,0)) -> 4 | D66: =INDEX(ESPECTROS!$B$73:$B$179,MATCH($D$65,ESPECTROS!$M$73:$M$179,0)) -> 4 | E66: s | F66: CALCULADA. | G66: ESPECTROS
B67: Resultado en todo el espectro | C67: =IF(DATOS!$C$9="NO","NO APLICA — fuera del AMSS",IF($C$65>=1,"CUMPLE en todo el rango","NO CUMPLE en parte del rango")) -> NO APLICA — fuera del AMSS | D67: =IF(DATOS!$C$9="NO","NO APLICA — fuera del AMSS",IF($D$65>=1,"CUMPLE en todo el rango","NO CUMPLE en parte del rango")) -> NO APLICA — fuera del AMSS | E67: — | F67: Es la revisión más exigente: sirve si OPAMSS te pide cumplir ordenada por ordenada en el modal. | G67: Art. VI.7-B lit. B
B68: Factor para escalar el espectro ASCE en todo el rango | C68: =IF($C$65>0,MAX(1,1/$C$65),1) -> 1 | D68: =IF($D$65>0,MAX(1,1/$D$65),1) -> 1 | E68: — | F68: CALCULADA. Ya va en el SCALE de ASCE de la hoja STAAD (sólo dentro del AMSS). | G68: Hoja STAAD
B70: D. NTDS-1994 — ESCALAMIENTO DEL ANÁLISIS DINÁMICO (§5.4.1)
B71: Captura el cortante basal que da STAAD en el análisis modal espectral. Si es menor que el mínimo, el factor dice cuánto hay que subir el SCALE del espectro.
B72: Concepto | C72: Dir. X (transversal) | D72: Dir. Z (longitudinal) | E72: Unidad | F72: Cómo se calcula / de dónde sale | G72: Referencia
B73: V dinámico del modelo (SRSS) | C73: 2.163 | D73: 1.741 | E73: t | F73: CAPTURA de STAAD: cortante basal SRSS del caso 4 (X) y 5 (Z) en el .anl, kg ÷ 1000. | G73: Salida de STAAD (.anl)
B74: V mínimo para fuerzas = C_s mínimo · W | C74: =$C$27*DATOS!$C$60 -> 3.1801989 | D74: =$D$27*DATOS!$C$60 -> 3.1801989 | E74: t | F74: CALCULADA. El de la fila 27 por W; es el mismo de la hoja STAAD, fila 12. | G74: NTDS-1994 · §5.4.1 (3), pág. 12
B75: ¿Hay que escalar? | C75: =IF($C$73>0,IF($C$73<$C$74,"SÍ — el dinámico es menor","NO — ya pasa"),"FALTA EL V DINÁMICO") -> SÍ — el dinámico es menor | D75: =IF($D$73>0,IF($D$73<$D$74,"SÍ — el dinámico es menor","NO — ya pasa"),"FALTA EL V DINÁMICO") -> SÍ — el dinámico es menor | E75: — | F75: CALCULADA. | G75: NTDS-1994 · §5.4.1 (3), pág. 12
B76: Factor para fuerzas = V mínimo / V dinámico | C76: =IF($C$73>0,MAX(1,$C$74/$C$73),1) -> 1.4702722 | D76: =IF($D$73>0,MAX(1,$D$74/$D$73),1) -> 1.8266507 | E76: × | F76: ◀ CALCULADA = V mín / V dinámico. Va en la dirección del SPECTRUM. | G76: NTDS-1994 · §5.4.1 (3), pág. 12
B77: SCALE en STAAD | C77: 981 | D77: 981 | E77: — | F77: FIJO. Convierte g a cm/s² (modelo en kg-cm). | G77: Archivo .STD R2.9 · casos 4 a 7
B78: Factor de dirección en SPECTRUM | C78: =$C$76 -> 1.4702722 | D78: =$D$76 -> 1.8266507 | E78: — | F78: = fila 76. X: caso 4 (+), 6 (−). Z: caso 5 (+), 7 (−). | G78: Manual técnico de STAAD.Pro · comando SPECTRUM
B79: V mínimo para desplazamientos | C79: =IF(DATOS!$C$57="SÍ",0.9,1)*$C$21*DATOS!$C$60 -> 3.1801989 | D79: =IF(DATOS!$C$57="SÍ",0.9,1)*$D$21*DATOS!$C$60 -> 3.1801989 | E79: t | F79: CALCULADA = 90% de C_s(T) × W, sin el 80% del Método A. | G79: NTDS-1994 · §5.4.1 (3), pág. 12 · §4.6.2, pág. 9
B80: Factor para desplazamientos = V mínimo desp. / V dinámico | C80: =IF($C$73>0,MAX(1,$C$79/$C$73),1) -> 1.4702722 | D80: =IF($D$73>0,MAX(1,$D$79/$D$73),1) -> 1.8266507 | E80: × | F80: CALCULADA. Deriva = δ × C_d × factor. | G80: NTDS-1994 · ec. 4.11 y §4.6.2, pág. 9 · Tabla 8, pág. 24
B82: E. COMPARACIÓN CON LA HOJA DE ÉL (ANALISIS_CARGAS_NAVE.xlsx, hoja «CARGAS Y SISMO F1»)
B83: Mismo método en las dos. Valores de él en azul.
B84: Concepto | C84: Tú (R2.9) | D84: Él | E84: Unidad | F84: De dónde sale | G84: Referencia
B85: Dirección X (transversal)
B86: W sísmico | C86: =DATOS!$C$60 -> 17.177 | D86: 17.12906 | E86: t | F86: Tú: CAPTURA de STAAD, DYNAMIC WEIGHT (.anl R3.3). Él: E165 (modelo sin contravientos). | G86: NTDS-1994 · §4.1.3, pág. 7
B87: T del modelo | C87: =DATOS!$C$58 -> 0.375 | D87: 0.81 | E87: s | F87: Tú: CAPTURA de STAAD, periodo del modo en X (.anl). Él: D177, redondeado. | G87: NTDS-1994 · §4.2.2 (2), págs. 7 y 8
B88: C_s con el T del modelo | C88: =$C$21 -> 0.20571429 | D88: 0.16841287 | E88: — | F88: CALCULADA con el T de arriba. Él: J177. | G88: NTDS-1994 · ec. 4.2, pág. 7
B89: 80% del C_s de Método A | C89: =0.8*$C$22 -> 0.16457143 | D89: =0.8*0.4*1.2*3/7 -> 0.16457143 | E89: — | F89: CALCULADA = 0.8 × A·I·C_o / R. Él: F141. | G89: NTDS-1994 · ec. 4.3, pág. 7 · §5.4.1 (3), pág. 12
B90: C_s mínimo para escalar | C90: =$C$27 -> 0.18514286 | D90: =MAX(0.9*D88,D89) -> 0.16457143 | E90: — | F90: CALCULADA: mayor de 90% C_s(T) y 80% Método A. Él: K207 ÷ W. | G90: NTDS-1994 · §5.4.1 (3), pág. 12
B91: V mínimo | C91: =$C$74 -> 3.1801989 | D91: =D90*D86 -> 2.8189539 | E91: t | F91: CALCULADA = C_s mín × W. Él: K211. | G91: NTDS-1994 · ec. 4.1, pág. 7 · §5.4.1 (3), pág. 12
B92: V modal (dinámico) | C92: =$C$73 -> 2.163 | D92: 1.8203806 | E92: t | F92: Tú: CAPTURA de STAAD, cortante SRSS del caso 4 (.anl). Él: K212, a mano. | G92: Salida de STAAD (.anl) · NTDS-1994 · §5.4.1 (3), pág. 12
B93: Factor = V mínimo / V modal | C93: =$C$76 -> 1.4702722 | D93: =MAX(1,D91/D92) -> 1.5485519 | E93: × | F93: CALCULADA = V mín / V modal. Tú: fila 76. Él: K214. | G93: NTDS-1994 · §5.4.1 (3), pág. 12
B94: Dirección Z (longitudinal)
B95: W sísmico | C95: =DATOS!$C$60 -> 17.177 | D95: 17.12906 | E95: t | F95: Tú: CAPTURA de STAAD, DYNAMIC WEIGHT (.anl R3.3). Él: E165 (modelo sin contravientos). | G95: NTDS-1994 · §4.1.3, pág. 7
B96: T del modelo | C96: =DATOS!$C$59 -> 0.12 | D96: 0.63 | E96: s | F96: Tú: CAPTURA de STAAD, periodo del modo en Z (.anl). Él: D178, redondeado. | G96: NTDS-1994 · §4.2.2 (2), págs. 7 y 8
B97: C_s con el T del modelo | C97: =$D$21 -> 0.20571429 | D97: 0.19913071 | E97: — | F97: CALCULADA con el T de arriba. Él: J178. | G97: NTDS-1994 · ec. 4.2, pág. 7
B98: 80% del C_s de Método A | C98: =0.8*$D$22 -> 0.16457143 | D98: =0.8*0.4*1.2*3/7 -> 0.16457143 | E98: — | F98: CALCULADA = 0.8 × A·I·C_o / R. Él: F141. | G98: NTDS-1994 · ec. 4.3, pág. 7 · §5.4.1 (3), pág. 12
B99: C_s mínimo para escalar | C99: =$D$27 -> 0.18514286 | D99: =MAX(0.9*D97,D98) -> 0.17921764 | E99: — | F99: CALCULADA: mayor de 90% C_s(T) y 80% Método A. Él: L207 ÷ W. | G99: NTDS-1994 · §5.4.1 (3), pág. 12
B100: V mínimo | C100: =$D$74 -> 3.1801989 | D100: =D99*D95 -> 3.0698298 | E100: t | F100: CALCULADA = C_s mín × W. Él: L211. | G100: NTDS-1994 · ec. 4.1, pág. 7 · §5.4.1 (3), pág. 12
B101: V modal (dinámico) | C101: =$D$73 -> 1.741 | D101: 2.7242903 | E101: t | F101: Tú: CAPTURA de STAAD, cortante SRSS del caso 5 (.anl). Él: L212, a mano. | G101: Salida de STAAD (.anl) · NTDS-1994 · §5.4.1 (3), pág. 12
B102: Factor = V mínimo / V modal | C102: =$D$76 -> 1.8266507 | D102: =MAX(1,D100/D101) -> 1.1268365 | E102: × | F102: CALCULADA = V mín / V modal. Tú: fila 76. Él: L214. | G102: NTDS-1994 · §5.4.1 (3), pág. 12
B103: Cómo queda en STAAD (SCALE 981) | C103: Dir. X | D103: Dir. Z | E103: Unidad | F103: De dónde sale | G103: Referencia
B104: Factor de dirección, casos 4 y 5 | C104: =$C$76 -> 1.4702722 | D104: =$D$76 -> 1.8266507 | E104: cm/s² | F104: = fila 76, con signo +. | G104: Manual técnico de STAAD.Pro · comando SPECTRUM
B105: Factor de dirección, casos 6 y 7 | C105: =-$C$76 -> -1.4702722 | D105: =-$D$76 -> -1.8266507 | E105: cm/s² | F105: = fila 76, con signo −. | G105: Manual técnico de STAAD.Pro · comando SPECTRUM
...

Sheet ESPECTROS
B1: ESPECTROS DE DISEÑO POR DIRECCIÓN — RESULTADO FINAL
B2: NTDS §5.2: C_sm = I·A/R·[1 + 3(C_o−1)T/T_o] si T < T_o/3; I·A·C_o/R hasta T_o; I·A·C_o/R·(T_o/T)^(2/3) hasta 4 s; 2.5·I·A·C_o·T_o^(2/3)/(R·T^(4/3)) después. ASCE §11.4.6: S_DS(0.4 + 0.6T/T_0); S_DS; S_D1/T; S_D1·T_L/T².
B3: =COEFICIENTE!$B$3 -> Sin alertas: datos completos y sistemas dentro de sus límites.
B4: CÓMO SE LEE: todas las ordenadas en g. NTDS: C_sm ya trae I y el R de cada dirección. ASCE: S_a es el de diseño elástico (⅔ del MCE_R) y el reducido es S_a·I_e/R de cada dirección. «NTDS a comparar» = C_sm × factor de DATOS. Si la relación sale menor que 1 dentro del AMSS, OPAMSS pide calibrar. La columna O es la que se pega en STAAD.
B5: ="EN CORTO · NTDS (ya ÷ R): meseta X "&TEXT(DATOS!$C$26/COEFICIENTE!$C$12,"0.0000")&" g y Z "&TEXT(DATOS!$C$26/COEFICIENTE!$D$12,"0.0000")&" g entre "&TEXT(DATOS!$C$23/3,"0.000")&" y "&TEXT(DATOS!$C$23,"0.00")&" s · ASCE reducido: X "&TEXT(DATOS!$C$40*DATOS!$C$46/COEFICIENTE!$C$35,"0.0000")&" g y Z "&TEXT(DATOS!$C$40*DATOS!$C$46/COEFICIENTE!$D$35,"0.0000")&" g · Relación mínima ASCE / NTDS: X "&TEXT(MIN($L$73:$L$179),"0.00")&" y Z "&TEXT(MIN($M$73:$M$179),"0.00")&IF(DATOS!$C$9="NO"," (fuera del AMSS sólo es referencia)","") -> EN CORTO · NTDS (ya ÷ R): meseta X 0.2057 g y Z 0.2057 g entre 0.200 y 0.60 s · ASCE reducido: X 0.4883 g y Z 0.4883 g · Relación mínima ASCE / NTDS: X 1.16 y Z 1.16 (fuera del AMSS sólo es referencia)
B7: A. GRÁFICAS (de 0 a 6 s; la tabla sigue hasta 10 s)
B8: 1) Reducidos X y Z: lo que entra al análisis modal. 2) Elásticos: el peligro de cada norma sin reducir. 3) Relación ASCE / NTDS por dirección: si baja de 1.0 esa zona no cumple la revisión de OPAMSS (sólo AMSS).
B70: B. TABLA DE ORDENADAS (todas en g)
B71: Los quiebres de cada espectro (T_o/3, T_o, T_0, T_S y T_L) se meten exactos en la malla de periodos: por eso algunos T no son redondos. Las columnas grises de la derecha son la malla base; no se tocan.
B72: T (s) | C72: NTDS elástico (R = 1) | D72: NTDS diseño X C_sm (÷ R_X) | E72: NTDS diseño Z C_sm (÷ R_Z) | F72: ASCE MCE_R 1.5·S_a | G72: ASCE diseño S_a elástico | H72: ASCE reducido X S_a·I_e/R_X | I72: ASCE reducido Z S_a·I_e/R_Z | J72: NTDS a comparar X | K72: NTDS a comparar Z | L72: Relación X ASCE / NTDS | M72: Relación Z ASCE / NTDS | N72: ¿Cumple OPAMSS? | O72: Para STAAD (elástico elegido) | Q72: auxiliar: malla (s) | R72: auxiliar: ½ paso (s) | T72: auxiliar: línea 1.0
B73: =$Q73 -> 0 | C73: =IF($B73<DATOS!$C$23/3,DATOS!$C$25*DATOS!$C$20*(1+3*(DATOS!$C$22-1)*$B73/DATOS!$C$23),IF($B73<=DATOS!$C$23,DATOS!$C$25*DATOS!$C$20*DATOS!$C$22,IF($B73<=4,DATOS!$C$25*DATOS!$C$20*DATOS!$C$22*(DATOS!$C$23/$B73)^(2/3),2.5*DATOS!$C$25*DATOS!$C$20*DATOS!$C$22*DATOS!$C$23^(2/3)/$B73^(4/3)))) -> 0.48 | D73: =$C73/COEFICIENTE!$C$12 -> 0.068571429 | E73: =$C73/COEFICIENTE!$D$12 -> 0.068571429 | F73: =1.5*$G73 -> 1.02544 | G73: =IF($B73<DATOS!$C$42,DATOS!$C$40*(0.4+0.6*$B73/DATOS!$C$42),IF($B73<=DATOS!$C$43,DATOS!$C$40,IF($B73<=DATOS!$C$44,DATOS!$C$41/$B73,DATOS!$C$41*DATOS!$C$44/$B73^2))) -> 0.68362667 | H73: =$G73*DATOS!$C$46/COEFICIENTE!$C$35 -> 0.1953219 | I73: =$G73*DATOS!$C$46/COEFICIENTE!$D$35 -> 0.1953219 | J73: =$D73*DATOS!$C$12 -> 0.098057143 | K73: =$E73*DATOS!$C$12 -> 0.098057143 | L73: =IF($J73>0,$H73/$J73,0) -> 1.9919192 | M73: =IF($K73>0,$I73/$K73,0) -> 1.9919192 | N73: =IF(DATOS!$C$9="NO","—",IF(AND($L73>=1,$M73>=1),"OK","CALIBRAR")) -> — | O73: =IF(STAAD!$C$17="ASCE 7-16",$G73,$C73) -> 0.48 | Q73: 0 | R73: 0 | T73: 0 | U73: 1
B74: =IF(ABS($Q74-DATOS!$C$23/3)<$R74,DATOS!$C$23/3,IF(ABS($Q74-DATOS!$C$23)<$R74,DATOS!$C$23,IF(ABS($Q74-DATOS!$C$42)<$R74,DATOS!$C$42,IF(ABS($Q74-DATOS!$C$43)<$R74,DATOS!$C$43,IF(ABS($Q74-DATOS!$C$44)<$R74,DATOS!$C$44,$Q74))))) -> 0.02 | C74: =IF($B74<DATOS!$C$23/3,DATOS!$C$25*DATOS!$C$20*(1+3*(DATOS!$C$22-1)*$B74/DATOS!$C$23),IF($B74<=DATOS!$C$23,DATOS!$C$25*DATOS!$C$20*DATOS!$C$22,IF($B74<=4,DATOS!$C$25*DATOS!$C$20*DATOS!$C$22*(DATOS!$C$23/$B74)^(2/3),2.5*DATOS!$C$25*DATOS!$C$20*DATOS!$C$22*DATOS!$C$23^(2/3)/$B74^(4/3)))) -> 0.576 | D74: =$C74/COEFICIENTE!$C$12 -> 0.082285714 | E74: =$C74/COEFICIENTE!$D$12 -> 0.082285714 | F74: =1.5*$G74 -> 1.2211336 | G74: =IF($B74<DATOS!$C$42,DATOS!$C$40*(0.4+0.6*$B74/DATOS!$C$42),IF($B74<=DATOS!$C$43,DATOS!$C$40,IF($B74<=DATOS!$C$44,DATOS!$C$41/$B74,DATOS!$C$41*DATOS!$C$44/$B74^2))) -> 0.8140891 | H74: =$G74*DATOS!$C$46/COEFICIENTE!$C$35 -> 0.23259689 | I74: =$G74*DATOS!$C$46/COEFICIENTE!$D$35 -> 0.23259689 | J74: =$D74*DATOS!$C$12 -> 0.11766857 | K74: =$E74*DATOS!$C$12 -> 0.11766857 | L74: =IF($J74>0,$H74/$J74,0) -> 1.9767121 | M74: =IF($K74>0,$I74/$K74,0) -> 1.9767121 | N74: =IF(DATOS!$C$9="NO","—",IF(AND($L74>=1,$M74>=1),"OK","CALIBRAR")) -> — | O74: =IF(STAAD!$C$17="ASCE 7-16",$G74,$C74) -> 0.576 | Q74: 0.02 | R74: 0.01 | T74: 6 | U74: 1
B75: =IF(ABS($Q75-DATOS!$C$23/3)<$R75,DATOS!$C$23/3,IF(ABS($Q75-DATOS!$C$23)<$R75,DATOS!$C$23,IF(ABS($Q75-DATOS!$C$42)<$R75,DATOS!$C$42,IF(ABS($Q75-DATOS!$C$43)<$R75,DATOS!$C$43,IF(ABS($Q75-DATOS!$C$44)<$R75,DATOS!$C$44,$Q75))))) -> 0.04 | C75: =IF($B75<DATOS!$C$23/3,DATOS!$C$25*DATOS!$C$20*(1+3*(DATOS!$C$22-1)*$B75/DATOS!$C$23),IF($B75<=DATOS!$C$23,DATOS!$C$25*DATOS!$C$20*DATOS!$C$22,IF($B75<=4,DATOS!$C$25*DATOS!$C$20*DATOS!$C$22*(DATOS!$C$23/$B75)^(2/3),2.5*DATOS!$C$25*DATOS!$C$20*DATOS!$C$22*DATOS!$C$23^(2/3)/$B75^(4/3)))) -> 0.672 | D75: =$C75/COEFICIENTE!$C$12 -> 0.096 | E75: =$C75/COEFICIENTE!$D$12 -> 0.096 | F75: =1.5*$G75 -> 1.4168273 | G75: =IF($B75<DATOS!$C$42,DATOS!$C$40*(0.4+0.6*$B75/DATOS!$C$42),IF($B75<=DATOS!$C$43,DATOS!$C$40,IF($B75<=DATOS!$C$44,DATOS!$C$41/$B75,DATOS!$C$41*DATOS!$C$44/$B75^2))) -> 0.94455153 | H75: =$G75*DATOS!$C$46/COEFICIENTE!$C$35 -> 0.26987187 | I75: =$G75*DATOS!$C$46/COEFICIENTE!$D$35 -> 0.26987187 | J75: =$D75*DATOS!$C$12 -> 0.13728 | K75: =$E75*DATOS!$C$12 -> 0.13728 | L75: =IF($J75>0,$H75/$J75,0) -> 1.9658498 | M75: =IF($K75>0,$I75/$K75,0) -> 1.9658498 | N75: =IF(DATOS!$C$9="NO","—",IF(AND($L75>=1,$M75>=1),"OK","CALIBRAR")) -> — | O75: =IF(STAAD!$C$17="ASCE 7-16",$G75,$C75) -> 0.672 | Q75: 0.04 | R75: 0.01
B76: =IF(ABS($Q76-DATOS!$C$23/3)<$R76,DATOS!$C$23/3,IF(ABS($Q76-DATOS!$C$23)<$R76,DATOS!$C$23,IF(ABS($Q76-DATOS!$C$42)<$R76,DATOS!$C$42,IF(ABS($Q76-DATOS!$C$43)<$R76,DATOS!$C$43,IF(ABS($Q76-DATOS!$C$44)<$R76,DATOS!$C$44,$Q76))))) -> 0.06 | C76: =IF($B76<DATOS!$C$23/3,DATOS!$C$25*DATOS!$C$20*(1+3*(DATOS!$C$22-1)*$B76/DATOS!$C$23),IF($B76<=DATOS!$C$23,DATOS!$C$25*DATOS!$C$20*DATOS!$C$22,IF($B76<=4,DATOS!$C$25*DATOS!$C$20*DATOS!$C$22*(DATOS!$C$23/$B76)^(2/3),2.5*DATOS!$C$25*DATOS!$C$20*DATOS!$C$22*DATOS!$C$23^(2/3)/$B76^(4/3)))) -> 0.768 | D76: =$C76/COEFICIENTE!$C$12 -> 0.10971429 | E76: =$C76/COEFICIENTE!$D$12 -> 0.10971429 | F76: =1.5*$G76 -> 1.6125209 | G76: =IF($B76<DATOS!$C$42,DATOS!$C$40*(0.4+0.6*$B76/DATOS!$C$42),IF($B76<=DATOS!$C$43,DATOS!$C$40,IF($B76<=DATOS!$C$44,DATOS!$C$41/$B76,DATOS!$C$41*DATOS!$C$44/$B76^2))) -> 1.075014 | H76: =$G76*DATOS!$C$46/COEFICIENTE!$C$35 -> 0.30714685 | I76: =$G76*DATOS!$C$46/COEFICIENTE!$D$35 -> 0.30714685 | J76: =$D76*DATOS!$C$12 -> 0.15689143 | K76: =$E76*DATOS!$C$12 -> 0.15689143 | L76: =IF($J76>0,$H76/$J76,0) -> 1.9577032 | M76: =IF($K76>0,$I76/$K76,0) -> 1.9577032 | N76: =IF(DATOS!$C$9="NO","—",IF(AND($L76>=1,$M76>=1),"OK","CALIBRAR")) -> — | O76: =IF(STAAD!$C$17="ASCE 7-16",$G76,$C76) -> 0.768 | Q76: 0.06 | R76: 0.01
B77: =IF(ABS($Q77-DATOS!$C$23/3)<$R77,DATOS!$C$23/3,IF(ABS($Q77-DATOS!$C$23)<$R77,DATOS!$C$23,IF(ABS($Q77-DATOS!$C$42)<$R77,DATOS!$C$42,IF(ABS($Q77-DATOS!$C$43)<$R77,DATOS!$C$43,IF(ABS($Q77-DATOS!$C$44)<$R77,DATOS!$C$44,$Q77))))) -> 0.08 | C77: =IF($B77<DATOS!$C$23/3,DATOS!$C$25*DATOS!$C$20*(1+3*(DATOS!$C$22-1)*$B77/DATOS!$C$23),IF($B77<=DATOS!$C$23,DATOS!$C$25*DATOS!$C$20*DATOS!$C$22,IF($B77<=4,DATOS!$C$25*DATOS!$C$20*DATOS!$C$22*(DATOS!$C$23/$B77)^(2/3),2.5*DATOS!$C$25*DATOS!$C$20*DATOS!$C$22*DATOS!$C$23^(2/3)/$B77^(4/3)))) -> 0.864 | D77: =$C77/COEFICIENTE!$C$12 -> 0.12342857 | E77: =$C77/COEFICIENTE!$D$12 -> 0.12342857 | F77: =1.5*$G77 -> 1.8082146 | G77: =IF($B77<DATOS!$C$42,DATOS!$C$40*(0.4+0.6*$B77/DATOS!$C$42),IF($B77<=DATOS!$C$43,DATOS!$C$40,IF($B77<=DATOS!$C$44,DATOS!$C$41/$B77,DATOS!$C$41*DATOS!$C$44/$B77^2))) -> 1.2054764 | H77: =$G77*DATOS!$C$46/COEFICIENTE!$C$35 -> 0.34442183 | I77: =$G77*DATOS!$C$46/COEFICIENTE!$D$35 -> 0.34442183 | J77: =$D77*DATOS!$C$12 -> 0.17650286 | K77: =$E77*DATOS!$C$12 -> 0.17650286 | L77: =IF($J77>0,$H77/$J77,0) -> 1.9513669 | M77: =IF($K77>0,$I77/$K77,0) -> 1.9513669 | N77: =IF(DATOS!$C$9="NO","—",IF(AND($L77>=1,$M77>=1),"OK","CALIBRAR")) -> — | O77: =IF(STAAD!$C$17="ASCE 7-16",$G77,$C77) -> 0.864 | Q77: 0.08 | R77: 0.01
B78: =IF(ABS($Q78-DATOS!$C$23/3)<$R78,DATOS!$C$23/3,IF(ABS($Q78-DATOS!$C$23)<$R78,DATOS!$C$23,IF(ABS($Q78-DATOS!$C$42)<$R78,DATOS!$C$42,IF(ABS($Q78-DATOS!$C$43)<$R78,DATOS!$C$43,IF(ABS($Q78-DATOS!$C$44)<$R78,DATOS!$C$44,$Q78))))) -> 0.1 | C78: =IF($B78<DATOS!$C$23/3,DATOS!$C$25*DATOS!$C$20*(1+3*(DATOS!$C$22-1)*$B78/DATOS!$C$23),IF($B78<=DATOS!$C$23,DATOS!$C$25*DATOS!$C$20*DATOS!$C$22,IF($B78<=4,DATOS!$C$25*DATOS!$C$20*DATOS!$C$22*(DATOS!$C$23/$B78)^(2/3),2.5*DATOS!$C$25*DATOS!$C$20*DATOS!$C$22*DATOS!$C$23^(2/3)/$B78^(4/3)))) -> 0.96 | D78: =$C78/COEFICIENTE!$C$12 -> 0.13714286 | E78: =$C78/COEFICIENTE!$D$12 -> 0.13714286 | F78: =1.5*$G78 -> 2.0039082 | G78: =IF($B78<DATOS!$C$42,DATOS!$C$40*(0.4+0.6*$B78/DATOS!$C$42),IF($B78<=DATOS!$C$43,DATOS!$C$40,IF($B78<=DATOS!$C$44,DATOS!$C$41/$B78,DATOS!$C$41*DATOS!$C$44/$B78^2))) -> 1.3359388 | H78: =$G78*DATOS!$C$46/COEFICIENTE!$C$35 -> 0.38169681 | I78: =$G78*DATOS!$C$46/COEFICIENTE!$D$35 -> 0.38169681 | J78: =$D78*DATOS!$C$12 -> 0.19611429 | K78: =$E78*DATOS!$C$12 -> 0.19611429 | L78: =IF($J78>0,$H78/$J78,0) -> 1.9462978 | M78: =IF($K78>0,$I78/$K78,0) -> 1.9462978 | N78: =IF(DATOS!$C$9="NO","—",IF(AND($L78>=1,$M78>=1),"OK","CALIBRAR")) -> — | O78: =IF(STAAD!$C$17="ASCE 7-16",$G78,$C78) -> 0.96 | Q78: 0.1 | R78: 0.01
B79: =IF(ABS($Q79-DATOS!$C$23/3)<$R79,DATOS!$C$23/3,IF(ABS($Q79-DATOS!$C$23)<$R79,DATOS!$C$23,IF(ABS($Q79-DATOS!$C$42)<$R79,DATOS!$C$42,IF(ABS($Q79-DATOS!$C$43)<$R79,DATOS!$C$43,IF(ABS($Q79-DATOS!$C$44)<$R79,DATOS!$C$44,$Q79))))) -> 0.12 | C79: =IF($B79<DATOS!$C$23/3,DATOS!$C$25*DATOS!$C$20*(1+3*(DATOS!$C$22-1)*$B79/DATOS!$C$23),IF($B79<=DATOS!$C$23,DATOS!$C$25*DATOS!$C$20*DATOS!$C$22,IF($B79<=4,DATOS!$C$25*DATOS!$C$20*DATOS!$C$22*(DATOS!$C$23/$B79)^(2/3),2.5*DATOS!$C$25*DATOS!$C$20*DATOS!$C$22*DATOS!$C$23^(2/3)/$B79^(4/3)))) -> 1.056 | D79: =$C79/COEFICIENTE!$C$12 -> 0.15085714 | E79: =$C79/COEFICIENTE!$D$12 -> 0.15085714 | F79: =1.5*$G79 -> 2.1996019 | G79: =IF($B79<DATOS!$C$42,DATOS!$C$40*(0.4+0.6*$B79/DATOS!$C$42),IF($B79<=DATOS!$C$43,DATOS!$C$40,IF($B79<=DATOS!$C$44,DATOS!$C$41/$B79,DATOS!$C$41*DATOS!$C$44/$B79^2))) -> 1.4664013 | H79: =$G79*DATOS!$C$46/COEFICIENTE!$C$35 -> 0.41897179 | I79: =$G79*DATOS!$C$46/COEFICIENTE!$D$35 -> 0.41897179 | J79: =$D79*DATOS!$C$12 -> 0.21572571 | K79: =$E79*DATOS!$C$12 -> 0.21572571 | L79: =IF($J79>0,$H79/$J79,0) -> 1.9421504 | M79: =IF($K79>0,$I79/$K79,0) -> 1.9421504 | N79: =IF(DATOS!$C$9="NO","—",IF(AND($L79>=1,$M79>=1),"OK","CALIBRAR")) -> — | O79: =IF(STAAD!$C$17="ASCE 7-16",$G79,$C79) -> 1.056 | Q79: 0.12 | R79: 0.01
B80: =IF(ABS($Q80-DATOS!$C$23/3)<$R80,DATOS!$C$23/3,IF(ABS($Q80-DATOS!$C$23)<$R80,DATOS!$C$23,IF(ABS($Q80-DATOS!$C$42)<$R80,DATOS!$C$42,IF(ABS($Q80-DATOS!$C$43)<$R80,DATOS!$C$43,IF(ABS($Q80-DATOS!$C$44)<$R80,DATOS!$C$44,$Q80))))) -> 0.14 | C80: =IF($B80<DATOS!$C$23/3,DATOS!$C$25*DATOS!$C$20*(1+3*(DATOS!$C$22-1)*$B80/DATOS!$C$23),IF($B80<=DATOS!$C$23,DATOS!$C$25*DATOS!$C$20*DATOS!$C$22,IF($B80<=4,DATOS!$C$25*DATOS!$C$20*DATOS!$C$22*(DATOS!$C$23/$B80)^(2/3),2.5*DATOS!$C$25*DATOS!$C$20*DATOS!$C$22*DATOS!$C$23^(2/3)/$B80^(4/3)))) -> 1.152 | D80: =$C80/COEFICIENTE!$C$12 -> 0.16457143 | E80: =$C80/COEFICIENTE!$D$12 -> 0.16457143 | F80: =1.5*$G80 -> 2.3952955 | G80: =IF($B80<DATOS!$C$42,DATOS!$C$40*(0.4+0.6*$B80/DATOS!$C$42),IF($B80<=DATOS!$C$43,DATOS!$C$40,IF($B80<=DATOS!$C$44,DATOS!$C$41/$B80,DATOS!$C$41*DATOS!$C$44/$B80^2))) -> 1.5968637 | H80: =$G80*DATOS!$C$46/COEFICIENTE!$C$35 -> 0.45624677 | I80: =$G80*DATOS!$C$46/COEFICIENTE!$D$35 -> 0.45624677 | J80: =$D80*DATOS!$C$12 -> 0.23533714 | K80: =$E80*DATOS!$C$12 -> 0.23533714 | L80: =IF($J80>0,$H80/$J80,0) -> 1.9386943 | M80: =IF($K80>0,$I80/$K80,0) -> 1.9386943 | N80: =IF(DATOS!$C$9="NO","—",IF(AND($L80>=1,$M80>=1),"OK","CALIBRAR")) -> — | O80: =IF(STAAD!$C$17="ASCE 7-16",$G80,$C80) -> 1.152 | Q80: 0.14 | R80: 0.01
B81: =IF(ABS($Q81-DATOS!$C$23/3)<$R81,DATOS!$C$23/3,IF(ABS($Q81-DATOS!$C$23)<$R81,DATOS!$C$23,IF(ABS($Q81-DATOS!$C$42)<$R81,DATOS!$C$42,IF(ABS($Q81-DATOS!$C$43)<$R81,DATOS!$C$43,IF(ABS($Q81-DATOS!$C$44)<$R81,DATOS!$C$44,$Q81))))) -> 0.15720081 | C81: =IF($B81<DATOS!$C$23/3,DATOS!$C$25*DATOS!$C$20*(1+3*(DATOS!$C$22-1)*$B81/DATOS!$C$23),IF($B81<=DATOS!$C$23,DATOS!$C$25*DATOS!$C$20*DATOS!$C$22,IF($B81<=4,DATOS!$C$25*DATOS!$C$20*DATOS!$C$22*(DATOS!$C$23/$B81)^(2/3),2.5*DATOS!$C$25*DATOS!$C$20*DATOS!$C$22*DATOS!$C$23^(2/3)/$B81^(4/3)))) -> 1.2345639 | D81: =$C81/COEFICIENTE!$C$12 -> 0.17636627 | E81: =$C81/COEFICIENTE!$D$12 -> 0.17636627 | F81: =1.5*$G81 -> 2.5636 | G81: =IF($B81<DATOS!$C$42,DATOS!$C$40*(0.4+0.6*$B81/DATOS!$C$42),IF($B81<=DATOS!$C$43,DATOS!$C$40,IF($B81<=DATOS!$C$44,DATOS!$C$41/$B81,DATOS!$C$41*DATOS!$C$44/$B81^2))) -> 1.7090667 | H81: =$G81*DATOS!$C$46/COEFICIENTE!$C$35 -> 0.48830476 | I81: =$G81*DATOS!$C$46/COEFICIENTE!$D$35 -> 0.48830476 | J81: =$D81*DATOS!$C$12 -> 0.25220377 | K81: =$E81*DATOS!$C$12 -> 0.25220377 | L81: =IF($J81>0,$H81/$J81,0) -> 1.9361517 | M81: =IF($K81>0,$I81/$K81,0) -> 1.9361517 | N81: =IF(DATOS!$C$9="NO","—",IF(AND($L81>=1,$M81>=1),"OK","CALIBRAR")) -> — | O81: =IF(STAAD!$C$17="ASCE 7-16",$G81,$C81) -> 1.2345639 | Q81: 0.16 | R81: 0.01
B82: =IF(ABS($Q82-DATOS!$C$23/3)<$R82,DATOS!$C$23/3,IF(ABS($Q82-DATOS!$C$23)<$R82,DATOS!$C$23,IF(ABS($Q82-DATOS!$C$42)<$R82,DATOS!$C$42,IF(ABS($Q82-DATOS!$C$43)<$R82,DATOS!$C$43,IF(ABS($Q82-DATOS!$C$44)<$R82,DATOS!$C$44,$Q82))))) -> 0.18 | C82: =IF($B82<DATOS!$C$23/3,DATOS!$C$25*DATOS!$C$20*(1+3*(DATOS!$C$22-1)*$B82/DATOS!$C$23),IF($B82<=DATOS!$C$23,DATOS!$C$25*DATOS!$C$20*DATOS!$C$22,IF($B82<=4,DATOS!$C$25*DATOS!$C$20*DATOS!$C$22*(DATOS!$C$23/$B82)^(2/3),2.5*DATOS!$C$25*DATOS!$C$20*DATOS!$C$22*DATOS!$C$23^(2/3)/$B82^(4/3)))) -> 1.344 | D82: =$C82/COEFICIENTE!$C$12 -> 0.192 | E82: =$C82/COEFICIENTE!$D$12 -> 0.192 | F82: =1.5*$G82 -> 2.5636 | G82: =IF($B82<DATOS!$C$42,DATOS!$C$40*(0.4+0.6*$B82/DATOS!$C$42),IF($B82<=DATOS!$C$43,DATOS!$C$40,IF($B82<=DATOS!$C$44,DATOS!$C$41/$B82,DATOS!$C$41*DATOS!$C$44/$B82^2))) -> 1.7090667 | H82: =$G82*DATOS!$C$46/COEFICIENTE!$C$35 -> 0.48830476 | I82: =$G82*DATOS!$C$46/COEFICIENTE!$D$35 -> 0.48830476 | J82: =$D82*DATOS!$C$12 -> 0.27456 | K82: =$E82*DATOS!$C$12 -> 0.27456 | L82: =IF($J82>0,$H82/$J82,0) -> 1.7784993 | M82: =IF($K82>0,$I82/$K82,0) -> 1.7784993 | N82: =IF(DATOS!$C$9="NO","—",IF(AND($L82>=1,$M82>=1),"OK","CALIBRAR")) -> — | O82: =IF(STAAD!$C$17="ASCE 7-16",$G82,$C82) -> 1.344 | Q82: 0.18 | R82: 0.01
B83: =IF(ABS($Q83-DATOS!$C$23/3)<$R83,DATOS!$C$23/3,IF(ABS($Q83-DATOS!$C$23)<$R83,DATOS!$C$23,IF(ABS($Q83-DATOS!$C$42)<$R83,DATOS!$C$42,IF(ABS($Q83-DATOS!$C$43)<$R83,DATOS!$C$43,IF(ABS($Q83-DATOS!$C$44)<$R83,DATOS!$C$44,$Q83))))) -> 0.2 | C83: =IF($B83<DATOS!$C$23/3,DATOS!$C$25*DATOS!$C$20*(1+3*(DATOS!$C$22-1)*$B83/DATOS!$C$23),IF($B83<=DATOS!$C$23,DATOS!$C$25*DATOS!$C$20*DATOS!$C$22,IF($B83<=4,DATOS!$C$25*DATOS!$C$20*DATOS!$C$22*(DATOS!$C$23/$B83)^(2/3),2.5*DATOS!$C$25*DATOS!$C$20*DATOS!$C$22*DATOS!$C$23^(2/3)/$B83^(4/3)))) -> 1.44 | D83: =$C83/COEFICIENTE!$C$12 -> 0.20571429 | E83: =$C83/COEFICIENTE!$D$12 -> 0.20571429 | F83: =1.5*$G83 -> 2.5636 | G83: =IF($B83<DATOS!$C$42,DATOS!$C$40*(0.4+0.6*$B83/DATOS!$C$42),IF($B83<=DATOS!$C$43,DATOS!$C$40,IF($B83<=DATOS!$C$44,DATOS!$C$41/$B83,DATOS!$C$41*DATOS!$C$44/$B83^2))) -> 1.7090667 | H83: =$G83*DATOS!$C$46/COEFICIENTE!$C$35 -> 0.48830476 | I83: =$G83*DATOS!$C$46/COEFICIENTE!$D$35 -> 0.48830476 | J83: =$D83*DATOS!$C$12 -> 0.29417143 | K83: =$E83*DATOS!$C$12 -> 0.29417143 | L83: =IF($J83>0,$H83/$J83,0) -> 1.6599327 | M83: =IF($K83>0,$I83/$K83,0) -> 1.6599327 | N83: =IF(DATOS!$C$9="NO","—",IF(AND($L83>=1,$M83>=1),"OK","CALIBRAR")) -> — | O83: =IF(STAAD!$C$17="ASCE 7-16",$G83,$C83) -> 1.44 | Q83: 0.2 | R83: 0.01
B84: =IF(ABS($Q84-DATOS!$C$23/3)<$R84,DATOS!$C$23/3,IF(ABS($Q84-DATOS!$C$23)<$R84,DATOS!$C$23,IF(ABS($Q84-DATOS!$C$42)<$R84,DATOS!$C$42,IF(ABS($Q84-DATOS!$C$43)<$R84,DATOS!$C$43,IF(ABS($Q84-DATOS!$C$44)<$R84,DATOS!$C$44,$Q84))))) -> 0.22 | C84: =IF($B84<DATOS!$C$23/3,DATOS!$C$25*DATOS!$C$20*(1+3*(DATOS!$C$22-1)*$B84/DATOS!$C$23),IF($B84<=DATOS!$C$23,DATOS!$C$25*DATOS!$C$20*DATOS!$C$22,IF($B84<=4,DATOS!$C$25*DATOS!$C$20*DATOS!$C$22*(DATOS!$C$23/$B84)^(2/3),2.5*DATOS!$C$25*DATOS!$C$20*DATOS!$C$22*DATOS!$C$23^(2/3)/$B84^(4/3)))) -> 1.44 | D84: =$C84/COEFICIENTE!$C$12 -> 0.20571429 | E84: =$C84/COEFICIENTE!$D$12 -> 0.20571429 | F84: =1.5*$G84 -> 2.5636 | G84: =IF($B84<DATOS!$C$42,DATOS!$C$40*(0.4+0.6*$B84/DATOS!$C$42),IF($B84<=DATOS!$C$43,DATOS!$C$40,IF($B84<=DATOS!$C$44,DATOS!$C$41/$B84,DATOS!$C$41*DATOS!$C$44/$B84^2))) -> 1.7090667 | H84: =$G84*DATOS!$C$46/COEFICIENTE!$C$35 -> 0.48830476 | I84: =$G84*DATOS!$C$46/COEFICIENTE!$D$35 -> 0.48830476 | J84: =$D84*DATOS!$C$12 -> 0.29417143 | K84: =$E84*DATOS!$C$12 -> 0.29417143 | L84: =IF($J84>0,$H84/$J84,0) -> 1.6599327 | M84: =IF($K84>0,$I84/$K84,0) -> 1.6599327 | N84: =IF(DATOS!$C$9="NO","—",IF(AND($L84>=1,$M84>=1),"OK","CALIBRAR")) -> — | O84: =IF(STAAD!$C$17="ASCE 7-16",$G84,$C84) -> 1.44 | Q84: 0.22 | R84: 0.01
B85: =IF(ABS($Q85-DATOS!$C$23/3)<$R85,DATOS!$C$23/3,IF(ABS($Q85-DATOS!$C$23)<$R85,DATOS!$C$23,IF(ABS($Q85-DATOS!$C$42)<$R85,DATOS!$C$42,IF(ABS($Q85-DATOS!$C$43)<$R85,DATOS!$C$43,IF(ABS($Q85-DATOS!$C$44)<$R85,DATOS!$C$44,$Q85))))) -> 0.24 | C85: =IF($B85<DATOS!$C$23/3,DATOS!$C$25*DATOS!$C$20*(1+3*(DATOS!$C$22-1)*$B85/DATOS!$C$23),IF($B85<=DATOS!$C$23,DATOS!$C$25*DATOS!$C$20*DATOS!$C$22,IF($B85<=4,DATOS!$C$25*DATOS!$C$20*DATOS!$C$22*(DATOS!$C$23/$B85)^(2/3),2.5*DATOS!$C$25*DATOS!$C$20*DATOS!$C$22*DATOS!$C$23^(2/3)/$B85^(4/3)))) -> 1.44 | D85: =$C85/COEFICIENTE!$C$12 -> 0.20571429 | E85: =$C85/COEFICIENTE!$D$12 -> 0.20571429 | F85: =1.5*$G85 -> 2.5636 | G85: =IF($B85<DATOS!$C$42,DATOS!$C$40*(0.4+0.6*$B85/DATOS!$C$42),IF($B85<=DATOS!$C$43,DATOS!$C$40,IF($B85<=DATOS!$C$44,DATOS!$C$41/$B85,DATOS!$C$41*DATOS!$C$44/$B85^2))) -> 1.7090667 | H85: =$G85*DATOS!$C$46/COEFICIENTE!$C$35 -> 0.48830476 | I85: =$G85*DATOS!$C$46/COEFICIENTE!$D$35 -> 0.48830476 | J85: =$D85*DATOS!$C$12 -> 0.29417143 | K85: =$E85*DATOS!$C$12 -> 0.29417143 | L85: =IF($J85>0,$H85/$J85,0) -> 1.6599327 | M85: =IF($K85>0,$I85/$K85,0) -> 1.6599327 | N85: =IF(DATOS!$C$9="NO","—",IF(AND($L85>=1,$M85>=1),"OK","CALIBRAR")) -> — | O85: =IF(STAAD!$C$17="ASCE 7-16",$G85,$C85) -> 1.44 | Q85: 0.24 | R85: 0.01
B86: =IF(ABS($Q86-DATOS!$C$23/3)<$R86,DATOS!$C$23/3,IF(ABS($Q86-DATOS!$C$23)<$R86,DATOS!$C$23,IF(ABS($Q86-DATOS!$C$42)<$R86,DATOS!$C$42,IF(ABS($Q86-DATOS!$C$43)<$R86,DATOS!$C$43,IF(ABS($Q86-DATOS!$C$44)<$R86,DATOS!$C$44,$Q86))))) -> 0.26 | C86: =IF($B86<DATOS!$C$23/3,DATOS!$C$25*DATOS!$C$20*(1+3*(DATOS!$C$22-1)*$B86/DATOS!$C$23),IF($B86<=DATOS!$C$23,DATOS!$C$25*DATOS!$C$20*DATOS!$C$22,IF($B86<=4,DATOS!$C$25*DATOS!$C$20*DATOS!$C$22*(DATOS!$C$23/$B86)^(2/3),2.5*DATOS!$C$25*DATOS!$C$20*DATOS!$C$22*DATOS!$C$23^(2/3)/$B86^(4/3)))) -> 1.44 | D86: =$C86/COEFICIENTE!$C$12 -> 0.20571429 | E86: =$C86/COEFICIENTE!$D$12 -> 0.20571429 | F86: =1.5*$G86 -> 2.5636 | G86: =IF($B86<DATOS!$C$42,DATOS!$C$40*(0.4+0.6*$B86/DATOS!$C$42),IF($B86<=DATOS!$C$43,DATOS!$C$40,IF($B86<=DATOS!$C$44,DATOS!$C$41/$B86,DATOS!$C$41*DATOS!$C$44/$B86^2))) -> 1.7090667 | H86: =$G86*DATOS!$C$46/COEFICIENTE!$C$35 -> 0.48830476 | I86: =$G86*DATOS!$C$46/COEFICIENTE!$D$35 -> 0.48830476 | J86: =$D86*DATOS!$C$12 -> 0.29417143 | K86: =$E86*DATOS!$C$12 -> 0.29417143 | L86: =IF($J86>0,$H86/$J86,0) -> 1.6599327 | M86: =IF($K86>0,$I86/$K86,0) -> 1.6599327 | N86: =IF(DATOS!$C$9="NO","—",IF(AND($L86>=1,$M86>=1),"OK","CALIBRAR")) -> — | O86: =IF(STAAD!$C$17="ASCE 7-16",$G86,$C86) -> 1.44 | Q86: 0.26 | R86: 0.01
... B179: =IF(ABS($Q179-DATOS!$C$23/3)<$R179,DATOS!$C$23/3,IF(ABS($Q179-DATOS!$C$23)<$R179,DATOS!$C$23,IF(ABS($Q179-DATOS!$C$42)<$R179,DATOS!$C$42,IF(ABS($Q179-DATOS!$C$43)<$R179,DATOS!$C$43,IF(ABS($Q179-DATOS!$C$44)<$R179,DATOS!$C$44,$Q179))))) -> 10 | C179: =IF($B179<DATOS!$C$23/3,DATOS!$C$25*DATOS!$C$20*(1+3*(DATOS!$C$22-1)*$B179/DATOS!$C$23),IF($B179<=DATOS!$C$23,DATOS!$C$25*DATOS!$C$20*DATOS!$C$22,IF($B179<=4,DATOS!$C$25*DATOS!$C$20*DATOS!$C$22*(DATOS!$C$23/$B179)^(2/3),2.5*DATOS!$C$25*DATOS!$C$20*DATOS!$C$22*DATOS!$C$23^(2/3)/$B179^(4/3)))) -> 0.11886938 | D179: =$C179/COEFICIENTE!$C$12 -> 0.01698134 | E179: =$C179/COEFICIENTE!$D$12 -> 0.01698134 | F179: =1.5*$G179 -> 0.1612 | G179: =IF($B179<DATOS!$C$42,DATOS!$C$40*(0.4+0.6*$B179/DATOS!$C$42),IF($B179<=DATOS!$C$43,DATOS!$C$40,IF($B179<=DATOS!$C$44,DATOS!$C$41/$B179,DATOS!$C$41*DATOS!$C$44/$B179^2))) -> 0.10746667 | H179: =$G179*DATOS!$C$46/COEFICIENTE!$C$35 -> 0.030704762 | I179: =$G179*DATOS!$C$46/COEFICIENTE!$D$35 -> 0.030704762 | J179: =$D179*DATOS!$C$12 -> 0.024283316 | K179: =$E179*DATOS!$C$12 -> 0.024283316 | L179: =IF($J179>0,$H179/$J179,0) -> 1.2644386 | M179: =IF($K179>0,$I179/$K179,0) -> 1.2644386 | N179: =IF(DATOS!$C$9="NO","—",IF(AND($L179>=1,$M179>=1),"OK","CALIBRAR")) -> — | O179: =IF(STAAD!$C$17="ASCE 7-16",$G179,$C179) -> 0.11886938 | Q179: 10 | R179: 0.25

Sheet STAAD
B1: ESPECTROS Y CORTANTES PARA STAAD PRO V8i — COPIAR Y PEGAR
B2: En STAAD el espectro se pega elástico (con I) y el R de cada dirección va en el SCALE: un mismo juego de pares sirve para X y para Z. El caso de sismo necesita antes sus masas (SELFWEIGHT X 1 / Y 1 / Z 1 y JOINT LOAD con los pesos en FX, FY y FZ).
B3: =COEFICIENTE!$B$3 -> Sin alertas: datos completos y sistemas dentro de sus límites.
B4: CÓMO SE USA: copia la columna B de cada bloque al caso de sismo del .STD. Las ordenadas van en g y el SCALE convierte a cm/s² con el R de cada dirección (factor de dirección 1). La masa del caso sale de la hoja CM_CV_MASA.
B6: A. RESUMEN POR DIRECCIÓN
B7: NTDS rige en todo el país; ASCE sólo en el AMSS (DATOS §1). Las fuerzas de la NTDS son de servicio: en las combinaciones de la RESESCO el sismo entra × 1.4025 (ec. 2) y × 1.43 (ec. 3), con 100% + 30% (NTDS §6.1.4).
B8: Concepto | C8: Dir. X | D8: Dir. Z | E8: Unidad | F8: Cómo se calcula | H8: Referencia
B9: V estático NTDS | C9: =COEFICIENTE!$C$24 -> 3.5335543 | D9: =COEFICIENTE!$D$24 -> 3.5335543 | E9: t | F9: De COEFICIENTE §A. | H9: NTDS-1994 · ec. 4.1, pág. 7
B10: V estático NTDS | C10: =COEFICIENTE!$C$24*9.80665 -> 34.65233 | D10: =COEFICIENTE!$D$24*9.80665 -> 34.65233 | E10: kN | F10: El mismo × 9.80665. | H10: —
B11: F_t en el último nivel (NTDS) | C11: =COEFICIENTE!$C$25*COEFICIENTE!$C$24 -> 0 | D11: =COEFICIENTE!$D$25*COEFICIENTE!$D$24 -> 0 | E11: t | F11: Va al nivel de cubierta; el resto de V se reparte con w·h. | H11: NTDS-1994 · ecs. 4.6 a 4.8, pág. 8
B12: Cortante mínimo del espectro NTDS | C12: =COEFICIENTE!$C$27*DATOS!$C$60 -> 3.1801989 | D12: =COEFICIENTE!$D$27*DATOS!$C$60 -> 3.1801989 | E12: t | F12: Regular: 90% del estático sin bajar de 80% del de Método A; irregular: 100%. | H12: NTDS-1994 · §5.4.1 (3), pág. 12
B13: Factor para desplazamientos NTDS (C_d) | C13: =COEFICIENTE!$C$13 -> 6 | D13: =COEFICIENTE!$D$13 -> 6 | E13: × | F13: Desplazamiento de STAAD × C_d; la deriva contra la Tabla 8 (TABLAS). | H13: NTDS-1994 · ec. 4.11, pág. 9 · Tabla 8, pág. 24
B14: V estático ASCE (sólo AMSS) | C14: =COEFICIENTE!$C$51 -> 8.3876109 | D14: =COEFICIENTE!$D$51 -> 8.3876109 | E14: t | F14: De COEFICIENTE §B, a nivel de resistencia. | H14: ASCE 7-16 · ec. 12.8-1
B15: Cortante mínimo del espectro ASCE | C15: =COEFICIENTE!$C$54*DATOS!$C$61*IF(DATOS!$C$9="SÍ",COEFICIENTE!$C$64,1) -> 8.3876109 | D15: =COEFICIENTE!$D$54*DATOS!$C$61*IF(DATOS!$C$9="SÍ",COEFICIENTE!$D$64,1) -> 8.3876109 | E15: t | F15: 100% del V estático de ASCE (calibrado dentro del AMSS). | H15: ASCE 7-16 · §12.9.1.4.1
B16: Factor para desplazamientos ASCE (C_d / I_e) | C16: =COEFICIENTE!$C$55 -> 3 | D16: =COEFICIENTE!$D$55 -> 3 | E16: × | F16: Deriva contra la Tabla 12.12-1 (TABLAS). | H16: ASCE 7-16 · ec. 12.8-15
B17: Norma del espectro que se pega abajo | C17: NTDS-1994 | D17: — | E17: SELECTOR. Fuera del AMSS siempre NTDS-1994. | H17: DATOS §1
B18: SCALE para STAAD (si usa el bloque elástico de abajo) | C18: =IF($C$17="NTDS-1994",9.80665/COEFICIENTE!$C$12,9.80665*DATOS!$C$46/COEFICIENTE!$C$35)*100 -> 140.095 | D18: =IF($C$17="NTDS-1994",9.80665/COEFICIENTE!$D$12,9.80665*DATOS!$C$46/COEFICIENTE!$D$35)*100 -> 140.095 | E18: cm/s² | F18: En kgf–cm: el modelo usa cm, por lo que g=980.665 cm/s². Este SCALE es g/R (o g·Iₑ/R para ASCE) expresado en cm/s². | H18: NTDS §5.2, pág. 11 · ASCE §12.9.1
B20: B. BLOQUE PARA EL CASO DE SISMO EN X — COPIA SÓLO LA COLUMNA B
B21: * SISMO X - ELÁSTICO - unidades kgf-cm - SCALE en cm/s2 - SRSS 5% LIN
B22: ="SPECTRUM SRSS X 1 ACC SCALE "&TEXT(C18,"0.000")&" DAMP 0.05 LIN" -> SPECTRUM SRSS X 1 ACC SCALE 140.095 DAMP 0.05 LIN
B23: =TEXT(ESPECTROS!$B$73,"0.000")&" "&TEXT(ESPECTROS!$O$73,"0.0000")&"; "&TEXT(ESPECTROS!$B$74,"0.000")&" "&TEXT(ESPECTROS!$O$74,"0.0000")&"; "&TEXT(ESPECTROS!$B$75,"0.000")&" "&TEXT(ESPECTROS!$O$75,"0.0000")&"; "&TEXT(ESPECTROS!$B$76,"0.000")&" "&TEXT(ESPECTROS!$O$76,"0.0000")&"; "&TEXT(ESPECTROS!$B$77,"0.000")&" "&TEXT(ESPECTROS!$O$77,"0.0000")&";" -> 0.000 0.4800; 0.020 0.5760; 0.040 0.6720; 0.060 0.7680; 0.080 0.8640;
B24: =TEXT(ESPECTROS!$B$78,"0.000")&" "&TEXT(ESPECTROS!$O$78,"0.0000")&"; "&TEXT(ESPECTROS!$B$79,"0.000")&" "&TEXT(ESPECTROS!$O$79,"0.0000")&"; "&TEXT(ESPECTROS!$B$80,"0.000")&" "&TEXT(ESPECTROS!$O$80,"0.0000")&"; "&TEXT(ESPECTROS!$B$81,"0.000")&" "&TEXT(ESPECTROS!$O$81,"0.0000")&"; "&TEXT(ESPECTROS!$B$82,"0.000")&" "&TEXT(ESPECTROS!$O$82,"0.0000")&";" -> 0.100 0.9600; 0.120 1.0560; 0.140 1.1520; 0.157 1.2346; 0.180 1.3440;
B25: =TEXT(ESPECTROS!$B$83,"0.000")&" "&TEXT(ESPECTROS!$O$83,"0.0000")&"; "&TEXT(ESPECTROS!$B$84,"0.000")&" "&TEXT(ESPECTROS!$O$84,"0.0000")&"; "&TEXT(ESPECTROS!$B$85,"0.000")&" "&TEXT(ESPECTROS!$O$85,"0.0000")&"; "&TEXT(ESPECTROS!$B$86,"0.000")&" "&TEXT(ESPECTROS!$O$86,"0.0000")&"; "&TEXT(ESPECTROS!$B$87,"0.000")&" "&TEXT(ESPECTROS!$O$87,"0.0000")&";" -> 0.200 1.4400; 0.220 1.4400; 0.240 1.4400; 0.260 1.4400; 0.280 1.4400;
B26: =TEXT(ESPECTROS!$B$88,"0.000")&" "&TEXT(ESPECTROS!$O$88,"0.0000")&"; "&TEXT(ESPECTROS!$B$89,"0.000")&" "&TEXT(ESPECTROS!$O$89,"0.0000")&"; "&TEXT(ESPECTROS!$B$90,"0.000")&" "&TEXT(ESPECTROS!$O$90,"0.0000")&"; "&TEXT(ESPECTROS!$B$91,"0.000")&" "&TEXT(ESPECTROS!$O$91,"0.0000")&"; "&TEXT(ESPECTROS!$B$92,"0.000")&" "&TEXT(ESPECTROS!$O$92,"0.0000")&";" -> 0.300 1.4400; 0.320 1.4400; 0.340 1.4400; 0.360 1.4400; 0.380 1.4400;
B27: =TEXT(ESPECTROS!$B$93,"0.000")&" "&TEXT(ESPECTROS!$O$93,"0.0000")&"; "&TEXT(ESPECTROS!$B$94,"0.000")&" "&TEXT(ESPECTROS!$O$94,"0.0000")&"; "&TEXT(ESPECTROS!$B$95,"0.000")&" "&TEXT(ESPECTROS!$O$95,"0.0000")&"; "&TEXT(ESPECTROS!$B$96,"0.000")&" "&TEXT(ESPECTROS!$O$96,"0.0000")&"; "&TEXT(ESPECTROS!$B$97,"0.000")&" "&TEXT(ESPECTROS!$O$97,"0.0000")&";" -> 0.400 1.4400; 0.420 1.4400; 0.440 1.4400; 0.460 1.4400; 0.480 1.4400;
B28: =TEXT(ESPECTROS!$B$98,"0.000")&" "&TEXT(ESPECTROS!$O$98,"0.0000")&"; "&TEXT(ESPECTROS!$B$99,"0.000")&" "&TEXT(ESPECTROS!$O$99,"0.0000")&"; "&TEXT(ESPECTROS!$B$100,"0.000")&" "&TEXT(ESPECTROS!$O$100,"0.0000")&"; "&TEXT(ESPECTROS!$B$101,"0.000")&" "&TEXT(ESPECTROS!$O$101,"0.0000")&"; "&TEXT(ESPECTROS!$B$102,"0.000")&" "&TEXT(ESPECTROS!$O$102,"0.0000")&";" -> 0.500 1.4400; 0.520 1.4400; 0.540 1.4400; 0.560 1.4400; 0.580 1.4400;
B29: =TEXT(ESPECTROS!$B$103,"0.000")&" "&TEXT(ESPECTROS!$O$103,"0.0000")&"; "&TEXT(ESPECTROS!$B$104,"0.000")&" "&TEXT(ESPECTROS!$O$104,"0.0000")&"; "&TEXT(ESPECTROS!$B$105,"0.000")&" "&TEXT(ESPECTROS!$O$105,"0.0000")&"; "&TEXT(ESPECTROS!$B$106,"0.000")&" "&TEXT(ESPECTROS!$O$106,"0.0000")&"; "&TEXT(ESPECTROS!$B$107,"0.000")&" "&TEXT(ESPECTROS!$O$107,"0.0000")&";" -> 0.600 1.4400; 0.620 1.4089; 0.640 1.3794; 0.660 1.3513; 0.680 1.3247;
B30: =TEXT(ESPECTROS!$B$108,"0.000")&" "&TEXT(ESPECTROS!$O$108,"0.0000")&"; "&TEXT(ESPECTROS!$B$109,"0.000")&" "&TEXT(ESPECTROS!$O$109,"0.0000")&"; "&TEXT(ESPECTROS!$B$110,"0.000")&" "&TEXT(ESPECTROS!$O$110,"0.0000")&"; "&TEXT(ESPECTROS!$B$111,"0.000")&" "&TEXT(ESPECTROS!$O$111,"0.0000")&"; "&TEXT(ESPECTROS!$B$112,"0.000")&" "&TEXT(ESPECTROS!$O$112,"0.0000")&";" -> 0.700 1.2994; 0.720 1.2752; 0.740 1.2521; 0.760 1.2300; 0.786 1.2028;
B31: =TEXT(ESPECTROS!$B$113,"0.000")&" "&TEXT(ESPECTROS!$O$113,"0.0000")&"; "&TEXT(ESPECTROS!$B$114,"0.000")&" "&TEXT(ESPECTROS!$O$114,"0.0000")&"; "&TEXT(ESPECTROS!$B$115,"0.000")&" "&TEXT(ESPECTROS!$O$115,"0.0000")&"; "&TEXT(ESPECTROS!$B$116,"0.000")&" "&TEXT(ESPECTROS!$O$116,"0.0000")&"; "&TEXT(ESPECTROS!$B$117,"0.000")&" "&TEXT(ESPECTROS!$O$117,"0.0000")&";" -> 0.800 1.1887; 0.820 1.1693; 0.840 1.1507; 0.860 1.1327; 0.880 1.1155;
B32: =TEXT(ESPECTROS!$B$118,"0.000")&" "&TEXT(ESPECTROS!$O$118,"0.0000")&"; "&TEXT(ESPECTROS!$B$119,"0.000")&" "&TEXT(ESPECTROS!$O$119,"0.0000")&"; "&TEXT(ESPECTROS!$B$120,"0.000")&" "&TEXT(ESPECTROS!$O$120,"0.0000")&"; "&TEXT(ESPECTROS!$B$121,"0.000")&" "&TEXT(ESPECTROS!$O$121,"0.0000")&"; "&TEXT(ESPECTROS!$B$122,"0.000")&" "&TEXT(ESPECTROS!$O$122,"0.0000")&";" -> 0.900 1.0989; 0.920 1.0829; 0.940 1.0675; 0.960 1.0526; 0.980 1.0383;
B33: =TEXT(ESPECTROS!$B$123,"0.000")&" "&TEXT(ESPECTROS!$O$123,"0.0000")&"; "&TEXT(ESPECTROS!$B$124,"0.000")&" "&TEXT(ESPECTROS!$O$124,"0.0000")&"; "&TEXT(ESPECTROS!$B$125,"0.000")&" "&TEXT(ESPECTROS!$O$125,"0.0000")&"; "&TEXT(ESPECTROS!$B$126,"0.000")&" "&TEXT(ESPECTROS!$O$126,"0.0000")&"; "&TEXT(ESPECTROS!$B$127,"0.000")&" "&TEXT(ESPECTROS!$O$127,"0.0000")&";" -> 1.000 1.0244; 1.050 0.9916; 1.100 0.9613; 1.150 0.9333; 1.200 0.9071;
B34: =TEXT(ESPECTROS!$B$128,"0.000")&" "&TEXT(ESPECTROS!$O$128,"0.0000")&"; "&TEXT(ESPECTROS!$B$129,"0.000")&" "&TEXT(ESPECTROS!$O$129,"0.0000")&"; "&TEXT(ESPECTROS!$B$130,"0.000")&" "&TEXT(ESPECTROS!$O$130,"0.0000")&"; "&TEXT(ESPECTROS!$B$131,"0.000")&" "&TEXT(ESPECTROS!$O$131,"0.0000")&"; "&TEXT(ESPECTROS!$B$132,"0.000")&" "&TEXT(ESPECTROS!$O$132,"0.0000")&";" -> 1.250 0.8828; 1.300 0.8600; 1.350 0.8386; 1.400 0.8185; 1.450 0.7996;
B35: =TEXT(ESPECTROS!$B$133,"0.000")&" "&TEXT(ESPECTROS!$O$133,"0.0000")&"; "&TEXT(ESPECTROS!$B$134,"0.000")&" "&TEXT(ESPECTROS!$O$134,"0.0000")&"; "&TEXT(ESPECTROS!$B$135,"0.000")&" "&TEXT(ESPECTROS!$O$135,"0.0000")&"; "&TEXT(ESPECTROS!$B$136,"0.000")&" "&TEXT(ESPECTROS!$O$136,"0.0000")&"; "&TEXT(ESPECTROS!$B$137,"0.000")&" "&TEXT(ESPECTROS!$O$137,"0.0000")&";" -> 1.500 0.7818; 1.550 0.7648; 1.600 0.7488; 1.650 0.7336; 1.700 0.7192;
B36: =TEXT(ESPECTROS!$B$138,"0.000")&" "&TEXT(ESPECTROS!$O$138,"0.0000")&"; "&TEXT(ESPECTROS!$B$139,"0.000")&" "&TEXT(ESPECTROS!$O$139,"0.0000")&"; "&TEXT(ESPECTROS!$B$140,"0.000")&" "&TEXT(ESPECTROS!$O$140,"0.0000")&"; "&TEXT(ESPECTROS!$B$141,"0.000")&" "&TEXT(ESPECTROS!$O$141,"0.0000")&"; "&TEXT(ESPECTROS!$B$142,"0.000")&" "&TEXT(ESPECTROS!$O$142,"0.0000")&";" -> 1.750 0.7054; 1.800 0.6923; 1.850 0.6797; 1.900 0.6678; 1.950 0.6563;
B37: =TEXT(ESPECTROS!$B$143,"0.000")&" "&TEXT(ESPECTROS!$O$143,"0.0000")&"; "&TEXT(ESPECTROS!$B$144,"0.000")&" "&TEXT(ESPECTROS!$O$144,"0.0000")&"; "&TEXT(ESPECTROS!$B$145,"0.000")&" "&TEXT(ESPECTROS!$O$145,"0.0000")&"; "&TEXT(ESPECTROS!$B$146,"0.000")&" "&TEXT(ESPECTROS!$O$146,"0.0000")&"; "&TEXT(ESPECTROS!$B$147,"0.000")&" "&TEXT(ESPECTROS!$O$147,"0.0000")&";" -> 2.000 0.6453; 2.100 0.6247; 2.200 0.6056; 2.300 0.5879; 2.400 0.5715;
B38: =TEXT(ESPECTROS!$B$148,"0.000")&" "&TEXT(ESPECTROS!$O$148,"0.0000")&"; "&TEXT(ESPECTROS!$B$149,"0.000")&" "&TEXT(ESPECTROS!$O$149,"0.0000")&"; "&TEXT(ESPECTROS!$B$150,"0.000")&" "&TEXT(ESPECTROS!$O$150,"0.0000")&"; "&TEXT(ESPECTROS!$B$151,"0.000")&" "&TEXT(ESPECTROS!$O$151,"0.0000")&"; "&TEXT(ESPECTROS!$B$152,"0.000")&" "&TEXT(ESPECTROS!$O$152,"0.0000")&";" -> 2.500 0.5561; 2.600 0.5418; 2.700 0.5283; 2.800 0.5157; 2.900 0.5037;
B39: =TEXT(ESPECTROS!$B$153,"0.000")&" "&TEXT(ESPECTROS!$O$153,"0.0000")&"; "&TEXT(ESPECTROS!$B$154,"0.000")&" "&TEXT(ESPECTROS!$O$154,"0.0000")&"; "&TEXT(ESPECTROS!$B$155,"0.000")&" "&TEXT(ESPECTROS!$O$155,"0.0000")&"; "&TEXT(ESPECTROS!$B$156,"0.000")&" "&TEXT(ESPECTROS!$O$156,"0.0000")&"; "&TEXT(ESPECTROS!$B$157,"0.000")&" "&TEXT(ESPECTROS!$O$157,"0.0000")&";" -> 3.000 0.4925; 3.100 0.4818; 3.200 0.4717; 3.300 0.4622; 3.400 0.4530;
B40: =TEXT(ESPECTROS!$B$158,"0.000")&" "&TEXT(ESPECTROS!$O$158,"0.0000")&"; "&TEXT(ESPECTROS!$B$159,"0.000")&" "&TEXT(ESPECTROS!$O$159,"0.0000")&"; "&TEXT(ESPECTROS!$B$160,"0.000")&" "&TEXT(ESPECTROS!$O$160,"0.0000")&"; "&TEXT(ESPECTROS!$B$161,"0.000")&" "&TEXT(ESPECTROS!$O$161,"0.0000")&"; "&TEXT(ESPECTROS!$B$162,"0.000")&" "&TEXT(ESPECTROS!$O$162,"0.0000")&";" -> 3.500 0.4444; 3.600 0.4361; 3.700 0.4282; 3.800 0.4207; 3.900 0.4134;
B41: =TEXT(ESPECTROS!$B$163,"0.000")&" "&TEXT(ESPECTROS!$O$163,"0.0000")&"; "&TEXT(ESPECTROS!$B$164,"0.000")&" "&TEXT(ESPECTROS!$O$164,"0.0000")&"; "&TEXT(ESPECTROS!$B$165,"0.000")&" "&TEXT(ESPECTROS!$O$165,"0.0000")&"; "&TEXT(ESPECTROS!$B$166,"0.000")&" "&TEXT(ESPECTROS!$O$166,"0.0000")&"; "&TEXT(ESPECTROS!$B$167,"0.000")&" "&TEXT(ESPECTROS!$O$167,"0.0000")&";" -> 4.000 0.4065; 4.250 0.3720; 4.500 0.3447; 4.750 0.3207; 5.000 0.2995;
B42: =TEXT(ESPECTROS!$B$168,"0.000")&" "&TEXT(ESPECTROS!$O$168,"0.0000")&"; "&TEXT(ESPECTROS!$B$169,"0.000")&" "&TEXT(ESPECTROS!$O$169,"0.0000")&"; "&TEXT(ESPECTROS!$B$170,"0.000")&" "&TEXT(ESPECTROS!$O$170,"0.0000")&"; "&TEXT(ESPECTROS!$B$171,"0.000")&" "&TEXT(ESPECTROS!$O$171,"0.0000")&"; "&TEXT(ESPECTROS!$B$172,"0.000")&" "&TEXT(ESPECTROS!$O$172,"0.0000")&";" -> 5.250 0.2807; 5.500 0.2638; 5.750 0.2486; 6.000 0.2349; 6.500 0.2111;
B43: =TEXT(ESPECTROS!$B$173,"0.000")&" "&TEXT(ESPECTROS!$O$173,"0.0000")&"; "&TEXT(ESPECTROS!$B$174,"0.000")&" "&TEXT(ESPECTROS!$O$174,"0.0000")&"; "&TEXT(ESPECTROS!$B$175,"0.000")&" "&TEXT(ESPECTROS!$O$175,"0.0000")&"; "&TEXT(ESPECTROS!$B$176,"0.000")&" "&TEXT(ESPECTROS!$O$176,"0.0000")&"; "&TEXT(ESPECTROS!$B$177,"0.000")&" "&TEXT(ESPECTROS!$O$177,"0.0000")&";" -> 7.000 0.1913; 7.500 0.1744; 8.000 0.1601; 8.500 0.1476; 9.000 0.1368;
B44: =TEXT(ESPECTROS!$B$178,"0.000")&" "&TEXT(ESPECTROS!$O$178,"0.0000")&"; "&TEXT(ESPECTROS!$B$179,"0.000")&" "&TEXT(ESPECTROS!$O$179,"0.0000") -> 9.500 0.1273; 10.000 0.1189
B46: C. BLOQUE PARA EL CASO DE SISMO EN Z — COPIA SÓLO LA COLUMNA B
B47: * SISMO Z - ELÁSTICO - unidades kgf-cm - SCALE en cm/s2 - SRSS 5% LIN
B48: ="SPECTRUM SRSS Z 1 ACC SCALE "&TEXT(D18,"0.000")&" DAMP 0.05 LIN" -> SPECTRUM SRSS Z 1 ACC SCALE 140.095 DAMP 0.05 LIN
B49: =TEXT(ESPECTROS!$B$73,"0.000")&" "&TEXT(ESPECTROS!$O$73,"0.0000")&"; "&TEXT(ESPECTROS!$B$74,"0.000")&" "&TEXT(ESPECTROS!$O$74,"0.0000")&"; "&TEXT(ESPECTROS!$B$75,"0.000")&" "&TEXT(ESPECTROS!$O$75,"0.0000")&"; "&TEXT(ESPECTROS!$B$76,"0.000")&" "&TEXT(ESPECTROS!$O$76,"0.0000")&"; "&TEXT(ESPECTROS!$B$77,"0.000")&" "&TEXT(ESPECTROS!$O$77,"0.0000")&";" -> 0.000 0.4800; 0.020 0.5760; 0.040 0.6720; 0.060 0.7680; 0.080 0.8640;
B50: =TEXT(ESPECTROS!$B$78,"0.000")&" "&TEXT(ESPECTROS!$O$78,"0.0000")&"; "&TEXT(ESPECTROS!$B$79,"0.000")&" "&TEXT(ESPECTROS!$O$79,"0.0000")&"; "&TEXT(ESPECTROS!$B$80,"0.000")&" "&TEXT(ESPECTROS!$O$80,"0.0000")&"; "&TEXT(ESPECTROS!$B$81,"0.000")&" "&TEXT(ESPECTROS!$O$81,"0.0000")&"; "&TEXT(ESPECTROS!$B$82,"0.000")&" "&TEXT(ESPECTROS!$O$82,"0.0000")&";" -> 0.100 0.9600; 0.120 1.0560; 0.140 1.1520; 0.157 1.2346; 0.180 1.3440;
B51: =TEXT(ESPECTROS!$B$83,"0.000")&" "&TEXT(ESPECTROS!$O$83,"0.0000")&"; "&TEXT(ESPECTROS!$B$84,"0.000")&" "&TEXT(ESPECTROS!$O$84,"0.0000")&"; "&TEXT(ESPECTROS!$B$85,"0.000")&" "&TEXT(ESPECTROS!$O$85,"0.0000")&"; "&TEXT(ESPECTROS!$B$86,"0.000")&" "&TEXT(ESPECTROS!$O$86,"0.0000")&"; "&TEXT(ESPECTROS!$B$87,"0.000")&" "&TEXT(ESPECTROS!$O$87,"0.0000")&";" -> 0.200 1.4400; 0.220 1.4400; 0.240 1.4400; 0.260 1.4400; 0.280 1.4400;
B52: =TEXT(ESPECTROS!$B$88,"0.000")&" "&TEXT(ESPECTROS!$O$88,"0.0000")&"; "&TEXT(ESPECTROS!$B$89,"0.000")&" "&TEXT(ESPECTROS!$O$89,"0.0000")&"; "&TEXT(ESPECTROS!$B$90,"0.000")&" "&TEXT(ESPECTROS!$O$90,"0.0000")&"; "&TEXT(ESPECTROS!$B$91,"0.000")&" "&TEXT(ESPECTROS!$O$91,"0.0000")&"; "&TEXT(ESPECTROS!$B$92,"0.000")&" "&TEXT(ESPECTROS!$O$92,"0.0000")&";" -> 0.300 1.4400; 0.320 1.4400; 0.340 1.4400; 0.360 1.4400; 0.380 1.4400;
B53: =TEXT(ESPECTROS!$B$93,"0.000")&" "&TEXT(ESPECTROS!$O$93,"0.0000")&"; "&TEXT(ESPECTROS!$B$94,"0.000")&" "&TEXT(ESPECTROS!$O$94,"0.0000")&"; "&TEXT(ESPECTROS!$B$95,"0.000")&" "&TEXT(ESPECTROS!$O$95,"0.0000")&"; "&TEXT(ESPECTROS!$B$96,"0.000")&" "&TEXT(ESPECTROS!$O$96,"0.0000")&"; "&TEXT(ESPECTROS!$B$97,"0.000")&" "&TEXT(ESPECTROS!$O$97,"0.0000")&";" -> 0.400 1.4400; 0.420 1.4400; 0.440 1.4400; 0.460 1.4400; 0.480 1.4400;
B54: =TEXT(ESPECTROS!$B$98,"0.000")&" "&TEXT(ESPECTROS!$O$98,"0.0000")&"; "&TEXT(ESPECTROS!$B$99,"0.000")&" "&TEXT(ESPECTROS!$O$99,"0.0000")&"; "&TEXT(ESPECTROS!$B$100,"0.000")&" "&TEXT(ESPECTROS!$O$100,"0.0000")&"; "&TEXT(ESPECTROS!$B$101,"0.000")&" "&TEXT(ESPECTROS!$O$101,"0.0000")&"; "&TEXT(ESPECTROS!$B$102,"0.000")&" "&TEXT(ESPECTROS!$O$102,"0.0000")&";" -> 0.500 1.4400; 0.520 1.4400; 0.540 1.4400; 0.560 1.4400; 0.580 1.4400;
B55: =TEXT(ESPECTROS!$B$103,"0.000")&" "&TEXT(ESPECTROS!$O$103,"0.0000")&"; "&TEXT(ESPECTROS!$B$104,"0.000")&" "&TEXT(ESPECTROS!$O$104,"0.0000")&"; "&TEXT(ESPECTROS!$B$105,"0.000")&" "&TEXT(ESPECTROS!$O$105,"0.0000")&"; "&TEXT(ESPECTROS!$B$106,"0.000")&" "&TEXT(ESPECTROS!$O$106,"0.0000")&"; "&TEXT(ESPECTROS!$B$107,"0.000")&" "&TEXT(ESPECTROS!$O$107,"0.0000")&";" -> 0.600 1.4400; 0.620 1.4089; 0.640 1.3794; 0.660 1.3513; 0.680 1.3247;
B56: =TEXT(ESPECTROS!$B$108,"0.000")&" "&TEXT(ESPECTROS!$O$108,"0.0000")&"; "&TEXT(ESPECTROS!$B$109,"0.000")&" "&TEXT(ESPECTROS!$O$109,"0.0000")&"; "&TEXT(ESPECTROS!$B$110,"0.000")&" "&TEXT(ESPECTROS!$O$110,"0.0000")&"; "&TEXT(ESPECTROS!$B$111,"0.000")&" "&TEXT(ESPECTROS!$O$111,"0.0000")&"; "&TEXT(ESPECTROS!$B$112,"0.000")&" "&TEXT(ESPECTROS!$O$112,"0.0000")&";" -> 0.700 1.2994; 0.720 1.2752; 0.740 1.2521; 0.760 1.2300; 0.786 1.2028;
B57: =TEXT(ESPECTROS!$B$113,"0.000")&" "&TEXT(ESPECTROS!$O$113,"0.0000")&"; "&TEXT(ESPECTROS!$B$114,"0.000")&" "&TEXT(ESPECTROS!$O$114,"0.0000")&"; "&TEXT(ESPECTROS!$B$115,"0.000")&" "&TEXT(ESPECTROS!$O$115,"0.0000")&"; "&TEXT(ESPECTROS!$B$116,"0.000")&" "&TEXT(ESPECTROS!$O$116,"0.0000")&"; "&TEXT(ESPECTROS!$B$117,"0.000")&" "&TEXT(ESPECTROS!$O$117,"0.0000")&";" -> 0.800 1.1887; 0.820 1.1693; 0.840 1.1507; 0.860 1.1327; 0.880 1.1155;
B58: =TEXT(ESPECTROS!$B$118,"0.000")&" "&TEXT(ESPECTROS!$O$118,"0.0000")&"; "&TEXT(ESPECTROS!$B$119,"0.000")&" "&TEXT(ESPECTROS!$O$119,"0.0000")&"; "&TEXT(ESPECTROS!$B$120,"0.000")&" "&TEXT(ESPECTROS!$O$120,"0.0000")&"; "&TEXT(ESPECTROS!$B$121,"0.000")&" "&TEXT(ESPECTROS!$O$121,"0.0000")&"; "&TEXT(ESPECTROS!$B$122,"0.000")&" "&TEXT(ESPECTROS!$O$122,"0.0000")&";" -> 0.900 1.0989; 0.920 1.0829; 0.940 1.0675; 0.960 1.0526; 0.980 1.0383;
B59: =TEXT(ESPECTROS!$B$123,"0.000")&" "&TEXT(ESPECTROS!$O$123,"0.0000")&"; "&TEXT(ESPECTROS!$B$124,"0.000")&" "&TEXT(ESPECTROS!$O$124,"0.0000")&"; "&TEXT(ESPECTROS!$B$125,"0.000")&" "&TEXT(ESPECTROS!$O$125,"0.0000")&"; "&TEXT(ESPECTROS!$B$126,"0.000")&" "&TEXT(ESPECTROS!$O$126,"0.0000")&"; "&TEXT(ESPECTROS!$B$127,"0.000")&" "&TEXT(ESPECTROS!$O$127,"0.0000")&";" -> 1.000 1.0244; 1.050 0.9916; 1.100 0.9613; 1.150 0.9333; 1.200 0.9071;
B60: =TEXT(ESPECTROS!$B$128,"0.000")&" "&TEXT(ESPECTROS!$O$128,"0.0000")&"; "&TEXT(ESPECTROS!$B$129,"0.000")&" "&TEXT(ESPECTROS!$O$129,"0.0000")&"; "&TEXT(ESPECTROS!$B$130,"0.000")&" "&TEXT(ESPECTROS!$O$130,"0.0000")&"; "&TEXT(ESPECTROS!$B$131,"0.000")&" "&TEXT(ESPECTROS!$O$131,"0.0000")&"; "&TEXT(ESPECTROS!$B$132,"0.000")&" "&TEXT(ESPECTROS!$O$132,"0.0000")&";" -> 1.250 0.8828; 1.300 0.8600; 1.350 0.8386; 1.400 0.8185; 1.450 0.7996;
B61: =TEXT(ESPECTROS!$B$133,"0.000")&" "&TEXT(ESPECTROS!$O$133,"0.0000")&"; "&TEXT(ESPECTROS!$B$134,"0.000")&" "&TEXT(ESPECTROS!$O$134,"0.0000")&"; "&TEXT(ESPECTROS!$B$135,"0.000")&" "&TEXT(ESPECTROS!$O$135,"0.0000")&"; "&TEXT(ESPECTROS!$B$136,"0.000")&" "&TEXT(ESPECTROS!$O$136,"0.0000")&"; "&TEXT(ESPECTROS!$B$137,"0.000")&" "&TEXT(ESPECTROS!$O$137,"0.0000")&";" -> 1.500 0.7818; 1.550 0.7648; 1.600 0.7488; 1.650 0.7336; 1.700 0.7192;
B62: =TEXT(ESPECTROS!$B$138,"0.000")&" "&TEXT(ESPECTROS!$O$138,"0.0000")&"; "&TEXT(ESPECTROS!$B$139,"0.000")&" "&TEXT(ESPECTROS!$O$139,"0.0000")&"; "&TEXT(ESPECTROS!$B$140,"0.000")&" "&TEXT(ESPECTROS!$O$140,"0.0000")&"; "&TEXT(ESPECTROS!$B$141,"0.000")&" "&TEXT(ESPECTROS!$O$141,"0.0000")&"; "&TEXT(ESPECTROS!$B$142,"0.000")&" "&TEXT(ESPECTROS!$O$142,"0.0000")&";" -> 1.750 0.7054; 1.800 0.6923; 1.850 0.6797; 1.900 0.6678; 1.950 0.6563;
B63: =TEXT(ESPECTROS!$B$143,"0.000")&" "&TEXT(ESPECTROS!$O$143,"0.0000")&"; "&TEXT(ESPECTROS!$B$144,"0.000")&" "&TEXT(ESPECTROS!$O$144,"0.0000")&"; "&TEXT(ESPECTROS!$B$145,"0.000")&" "&TEXT(ESPECTROS!$O$145,"0.0000")&"; "&TEXT(ESPECTROS!$B$146,"0.000")&" "&TEXT(ESPECTROS!$O$146,"0.0000")&"; "&TEXT(ESPECTROS!$B$147,"0.000")&" "&TEXT(ESPECTROS!$O$147,"0.0000")&";" -> 2.000 0.6453; 2.100 0.6247; 2.200 0.6056; 2.300 0.5879; 2.400 0.5715;
B64: =TEXT(ESPECTROS!$B$148,"0.000")&" "&TEXT(ESPECTROS!$O$148,"0.0000")&"; "&TEXT(ESPECTROS!$B$149,"0.000")&" "&TEXT(ESPECTROS!$O$149,"0.0000")&"; "&TEXT(ESPECTROS!$B$150,"0.000")&" "&TEXT(ESPECTROS!$O$150,"0.0000")&"; "&TEXT(ESPECTROS!$B$151,"0.000")&" "&TEXT(ESPECTROS!$O$151,"0.0000")&"; "&TEXT(ESPECTROS!$B$152,"0.000")&" "&TEXT(ESPECTROS!$O$152,"0.0000")&";" -> 2.500 0.5561; 2.600 0.5418; 2.700 0.5283; 2.800 0.5157; 2.900 0.5037;
B65: =TEXT(ESPECTROS!$B$153,"0.000")&" "&TEXT(ESPECTROS!$O$153,"0.0000")&"; "&TEXT(ESPECTROS!$B$154,"0.000")&" "&TEXT(ESPECTROS!$O$154,"0.0000")&"; "&TEXT(ESPECTROS!$B$155,"0.000")&" "&TEXT(ESPECTROS!$O$155,"0.0000")&"; "&TEXT(ESPECTROS!$B$156,"0.000")&" "&TEXT(ESPECTROS!$O$156,"0.0000")&"; "&TEXT(ESPECTROS!$B$157,"0.000")&" "&TEXT(ESPECTROS!$O$157,"0.0000")&";" -> 3.000 0.4925; 3.100 0.4818; 3.200 0.4717; 3.300 0.4622; 3.400 0.4530;
B66: =TEXT(ESPECTROS!$B$158,"0.000")&" "&TEXT(ESPECTROS!$O$158,"0.0000")&"; "&TEXT(ESPECTROS!$B$159,"0.000")&" "&TEXT(ESPECTROS!$O$159,"0.0000")&"; "&TEXT(ESPECTROS!$B$160,"0.000")&" "&TEXT(ESPECTROS!$O$160,"0.0000")&"; "&TEXT(ESPECTROS!$B$161,"0.000")&" "&TEXT(ESPECTROS!$O$161,"0.0000")&"; "&TEXT(ESPECTROS!$B$162,"0.000")&" "&TEXT(ESPECTROS!$O$162,"0.0000")&";" -> 3.500 0.4444; 3.600 0.4361; 3.700 0.4282; 3.800 0.4207; 3.900 0.4134;
B67: =TEXT(ESPECTROS!$B$163,"0.000")&" "&TEXT(ESPECTROS!$O$163,"0.0000")&"; "&TEXT(ESPECTROS!$B$164,"0.000")&" "&TEXT(ESPECTROS!$O$164,"0.0000")&"; "&TEXT(ESPECTROS!$B$165,"0.000")&" "&TEXT(ESPECTROS!$O$165,"0.0000")&"; "&TEXT(ESPECTROS!$B$166,"0.000")&" "&TEXT(ESPECTROS!$O$166,"0.0000")&"; "&TEXT(ESPECTROS!$B$167,"0.000")&" "&TEXT(ESPECTROS!$O$167,"0.0000")&";" -> 4.000 0.4065; 4.250 0.3720; 4.500 0.3447; 4.750 0.3207; 5.000 0.2995;
B68: =TEXT(ESPECTROS!$B$168,"0.000")&" "&TEXT(ESPECTROS!$O$168,"0.0000")&"; "&TEXT(ESPECTROS!$B$169,"0.000")&" "&TEXT(ESPECTROS!$O$169,"0.0000")&"; "&TEXT(ESPECTROS!$B$170,"0.000")&" "&TEXT(ESPECTROS!$O$170,"0.0000")&"; "&TEXT(ESPECTROS!$B$171,"0.000")&" "&TEXT(ESPECTROS!$O$171,"0.0000")&"; "&TEXT(ESPECTROS!$B$172,"0.000")&" "&TEXT(ESPECTROS!$O$172,"0.0000")&";" -> 5.250 0.2807; 5.500 0.2638; 5.750 0.2486; 6.000 0.2349; 6.500 0.2111;
B69: =TEXT(ESPECTROS!$B$173,"0.000")&" "&TEXT(ESPECTROS!$O$173,"0.0000")&"; "&TEXT(ESPECTROS!$B$174,"0.000")&" "&TEXT(ESPECTROS!$O$174,"0.0000")&"; "&TEXT(ESPECTROS!$B$175,"0.000")&" "&TEXT(ESPECTROS!$O$175,"0.0000")&"; "&TEXT(ESPECTROS!$B$176,"0.000")&" "&TEXT(ESPECTROS!$O$176,"0.0000")&"; "&TEXT(ESPECTROS!$B$177,"0.000")&" "&TEXT(ESPECTROS!$O$177,"0.0000")&";" -> 7.000 0.1913; 7.500 0.1744; 8.000 0.1601; 8.500 0.1476; 9.000 0.1368;
B70: =TEXT(ESPECTROS!$B$178,"0.000")&" "&TEXT(ESPECTROS!$O$178,"0.0000")&"; "&TEXT(ESPECTROS!$B$179,"0.000")&" "&TEXT(ESPECTROS!$O$179,"0.0000") -> 9.500 0.1273; 10.000 0.1189
B72: D. NOTAS
B73: • En el mismo caso de sismo, ANTES del SPECTRUM, va su masa: las líneas de la hoja CM_CV_MASA (cubierta en los nodos de arriba de las columnas y muros por larguero) con SELFWEIGHT X 1 y Z 1.
B74: • Pon CUT OFF MODE SHAPE suficiente para que la masa participante pase de 90% (NTDS §5.4, pág. 12).
B75: • Vertical, si la ocupas: ⅔ del horizontal (NTDS §5.2, pág. 11): mismo bloque con dirección Y y SCALE × ⅔.
B76: • Las tablas T–Sₐ están en TABLA_T_Sa en g y cm/s². En un modelo kgf–cm la aceleración va en cm/s² (no kg/cm²): por eso el SCALE lleva g = 980.665 cm/s².
B77: • Si usas el espectro ASCE que trae STAAD, revisa S_DS y S_D1 contra DATOS: con sus tablas internas saldrían otros F_a y F_v, no los del Anexo 37.

Sheet CM_CV_MASA
B1: CM, CV Y MASA DEL SISMO PARA STAAD — COPIAR Y PEGAR
B2: De aquí salen las cargas de los casos 1 (CM), 2 (CV) y 4 (masa del sismo) del .STD R2.9. Techo en UNI por larguero y viga con su ancho tributario; en el sismo la cubierta va a los nodos de arriba de las columnas; muros con una carga uniforme por larguero completo.
B4: A. DATOS
B5: Concepto | C5: Valor | D5: Unidad | E5: De dónde sale
B6: CM de techo | C6: 19.32 | D6: kg/m² | E6: Panel Glamet 9.32 + instalaciones 10.00 (AreasTributarias R2.9, DATOS C8)
B7: CV máxima de techo w_m | C7: 20 | D7: kg/m² | E7: RESESCO, tabla de cargas vivas, inciso i (pendiente mayor de 5%), pág. 12
B8: CV instantánea de techo w_i | C8: 0 | D8: kg/m² | E8: RESESCO, inciso i, pág. 12: con 0 no suma masa
B9: CM de muro | C9: 5.85 | D9: kg/m² | E9: Lámina KR-18 cal. 24
B10: B — claro de los marcos (X) | C10: 10.08 | D10: m | E10: Modelo STAAD R2.9: X de 0 a 1008 cm
B11: L — largo de la nave (Z) | C11: 16 | D11: m | E11: Modelo STAAD R2.9: Z de 0 a 1600 cm
B12: Altura del techo en el eje 1 (Z = 0) | C12: 10.43 | D12: m | E12: Modelo STAAD R2.9: nodos 7 y 8
B13: Altura del techo en el eje 2 (Z = 10 m) | C13: 9.91126 | D13: m | E13: Modelo STAAD R2.9: nodos 75 y 76
B14: Altura del techo en el eje 3 (Z = L) | C14: 9.60002 | D14: m | E14: Modelo STAAD R2.9: nodos 9 y 10
B15: Z del eje 2 | C15: 10 | D15: m | E15: Modelo STAAD R2.9: nodos 2 y 5
B16: Separación de largueros de muro | C16: 1.2 | D16: m | E16: Modelo STAAD R2.9: largueros a 1.20, 2.40 … 9.60 m
B17: Nivel del último larguero de muro | C17: 9.6 | D17: m | E17: Modelo STAAD R2.9
... B25: Factor kg/m² → unidades del .STD | C25: 0.0001 | D25: — | E25: UNIT CM KG: presión en kg/cm²
B27: B. TECHO EN LARGUEROS Y VIGAS (CASOS 1 Y 2)
B28: Cada línea de largueros o viga de marco toma la mitad de la separación con sus vecinas (b, hoja TECHO de AreasTributarias R2.9). Las que tienen el mismo b van en un renglón.
B29: Líneas | C29: Miembros de STAAD | D29: b (m) | E29: w CM (kg/m) | F29: w CV (kg/m) | G29: w CM (unid. .STD)
B30: LT-2 a LT-6, VM-2, LT-7 a LT-9 | C30: 74 121 TO 124 285 TO 287 310 TO 326 352 TO 371 | D30: 1.5 | E30: =$C$6*D30 -> 28.98 | F30: =$C$7*D30 -> 30 | G30: =E30*$C$24 -> 0.2898
B31: LT-1 | C31: 327 372 TO 375 | D31: 1.25 | E31: =$C$6*D31 -> 24.15 | F31: =$C$7*D31 -> 25 | G31: =E31*$C$24 -> 0.2415
B32: VM-1 | C32: 11 48 TO 51 | D32: 0.5 | E32: =$C$6*D32 -> 9.66 | F32: =$C$7*D32 -> 10 | G32: =E32*$C$24 -> 0.0966
B33: VM-3 | C33: 12 52 TO 55 | D33: 0.75 | E33: =$C$6*D33 -> 14.49 | F33: =$C$7*D33 -> 15 | G33: =E33*$C$24 -> 0.1449
B34: Revisión | C34: =IF(ABS(D30*9+D31+D32+D33-$C$11)<0.001,"OK: suma de b = L (9 líneas con b = 1.50 m)","REVISA LOS ANCHOS") -> OK: suma de b = L (9 líneas con b = 1.50 m)
B36: C. CUBIERTA EN LOS NODOS DE ARRIBA DE LAS COLUMNAS (MASA DEL SISMO, CASO 4)
B37: Cada nodo toma la mitad del claro B y la mitad de la separación con los marcos vecinos. Peso = (CM + w_i) × área tributaria; en el caso 4 va en FX y en FZ.
B38: Marco | C38: Nodos de arriba (X = 0 y X = B) | D38: Z (m) | E38: Ancho tributario en Z (m) | F38: Área por nodo (m²) | G38: Peso por nodo (kg)
B39: Eje 1 | C39: 7 8 | D39: 0 | E39: =(D40-D39)/2 -> 5 | F39: =$C$10/2*E39 -> 25.2 | G39: =($C$6+$C$8)*F39 -> 486.864
B40: Eje 2 | C40: 75 76 | D40: =$C$15 -> 10 | E40: =(D41-D39)/2 -> 8 | F40: =$C$10/2*E40 -> 40.32 | G40: =($C$6+$C$8)*F40 -> 778.9824
B41: Eje 3 | C41: 9 10 | D41: =$C$11 -> 16 | E41: =(D41-D40)/2 -> 3 | F41: =$C$10/2*E41 -> 15.12 | G41: =($C$6+$C$8)*F41 -> 292.1184
B42: Total (los dos nodos de cada marco) | E42: =SUM(E39:E41) -> 16 | F42: =2*SUM(F39:F41) -> 161.28 | G42: =2*SUM(G39:G41) -> 3115.9296
B43: Revisión | C43: =IF(ABS($G$42-($C$6+$C$8)*$C$10*$C$11)<0.01,"OK: suma = (CM + w_i)·B·L","REVISA LOS MARCOS") -> OK: suma = (CM + w_i)·B·L
B45: D. MUROS: UNA CARGA UNIFORME POR LARGUERO COMPLETO (CASOS 1 Y 4)
B46: Altura tributaria = la mitad hacia el larguero de abajo más la mitad hacia el de arriba. En las orillas inclinadas se usa la altura media del techo a lo largo del larguero: la carga queda uniforme en todo el larguero y la fuerza total no cambia.
B47: Elemento | C47: Miembros de STAAD | D47: Altura trib. (m) | E47: Cómo sale la altura | F47: w (kg/m) | G47: w (unid. .STD)
B48: Largueros típicos (h = 1.20 m) de los muros 3 y 4 | C48: 16 17 20 21 24 25 28 29 32 33 36 37 40 41 199 TO 202 205 TO 214 | D48: =$C$16 -> 1.2 | E48: Separación de largueros | F48: =$C$9*D48 -> 7.02 | G48: =F48*$C$24 -> 0.0702
B49: Largueros típicos (h = 1.20 m) del muro 1 | C49: 23 27 31 43 46 149 153 155 159 161 203 | D49: =$C$16 -> 1.2 | E49: Separación de largueros | F49: =$C$9*D49 -> 7.02 | G49: =F49*$C$24 -> 0.0702
B50: Último larguero de los muros 3 y 4, claro 1-2 (LA-8.1, LB-8.1) | C50: 44 45 | D50: =$C$16/2+(($C$12+$C$13)/2-$C$17)/2 -> 0.885315 | E50: Mitad hacia abajo + mitad hasta el alero, con la altura media del techo entre los ejes 1 y 2 | F50: =$C$9*D50 -> 5.1790927 | G50: =F50*$C$24 -> 0.051790927
B51: Último larguero de los muros 3 y 4, claro 2-3 (LA-8.2, LB-8.2) | C51: 215 216 | D51: =$C$16/2+(($C$13+$C$14)/2-$C$17)/2 -> 0.67782 | E51: Mitad hacia abajo + mitad hasta el alero, con la altura media del techo entre los ejes 2 y 3 | F51: =$C$9*D51 -> 3.965247 | G51: =F51*$C$24 -> 0.03965247
B52: Dintel de la puerta y largueros a 6.50 m junto a la cortina | C52: 68 204 233 | D52: =$C$16/2 -> 0.6 | E52: 204: de 2.40 a 3.00 m. 68 y 233: de 6.25 a 6.85 m = 0.60 m, lo mismo | F52: =$C$9*D52 -> 3.51 | G52: =F52*$C$24 -> 0.0351
B53: Largueros a 6.00 m junto a la cortina (L1-5) | C53: 35 157 | D53: =$C$16/2+($C$19-$C$20)/2 -> 0.85 | E53: Mitad hacia abajo + mitad hasta el larguero de 6.50 m | F53: =$C$9*D53 -> 4.9725 | G53: =F53*$C$24 -> 0.049725
B54: Dintel de la cortina (L1-6.2) | C54: 234 | D54: =($C$21-$C$19)/2 -> 0.35 | E54: Del dintel a la mitad hacia el larguero de arriba | F54: =$C$9*D54 -> 2.0475 | G54: =F54*$C$24 -> 0.020475
B55: Larguero a 7.20 m del muro 1 (L1-7.1) | C55: 39 | D55: =$C$16/2+($C$21-$C$19)/2 -> 0.95 | E55: Mitad hacia arriba + mitad hasta el dintel de la cortina | F55: =$C$9*D55 -> 5.5575 | G55: =F55*$C$24 -> 0.055575
B56: Último larguero del muro 1 (L1-9.1) | C56: 47 | D56: =$C$16/2+($C$12-$C$17)/2 -> 1.015 | E56: Mitad hacia abajo + mitad hasta la viga del eje 1 | F56: =$C$9*D56 -> 5.93775 | G56: =F56*$C$24 -> 0.0593775
B57: Franja alta del muro 1 a la viga del eje 1 (VM-1) | C57: 11 48 TO 51 | D57: =($C$12-$C$17)/2 -> 0.415 | E57: Mitad de arriba entre el último larguero y la viga del eje 1 | F57: =$C$9*D57 -> 2.42775 | G57: =F57*$C$24 -> 0.0242775
B58: Vigas de alero del claro 1-2 (VA-1 y VB-1) | C58: 241 242 269 TO 280 | D58: =(($C$12+$C$13)/2-$C$17)/2 -> 0.285315 | E58: Mitad de arriba, con la altura media del techo entre los ejes 1 y 2 | F58: =$C$9*D58 -> 1.6690927 | G58: =F58*$C$24 -> 0.016690927
B59: Vigas de alero del claro 2-3 (VA-2 y VB-2) | C59: 243 TO 250 | D59: =(($C$13+$C$14)/2-$C$17)/2 -> 0.07782 | E59: Mitad de arriba, con la altura media del techo entre los ejes 2 y 3 | F59: =$C$9*D59 -> 0.455247 | G59: =F59*$C$24 -> 0.00455247
B60: Cortina en el dintel (miembro 234) | C60: 234 | E60: Peso de la cortina ÷ largo del dintel | F60: =$C$22/$C$23*100 -> 78 | G60: =F60*$C$24 -> 0.78
B62: E. LÍNEAS PARA EL .STD — COPIA LA COLUMNA B DEBAJO DEL TÍTULO DE CADA CASO
B63: Caso 1: después de SELFWEIGHT Y -1. Caso 2: completo. Caso 4: ANTES del SPECTRUM y sus pares (hoja STAAD), porque STAAD toma como masa las cargas escritas antes del SPECTRUM; el SELFWEIGHT X 1 y Z 1 hace que el peso propio también sea masa.
B65: Caso 1 — carga muerta | C65: Revisión
B66: MEMBER LOAD | C66: =IF(LEN($B66)>79,"MÁS DE 79 CARACTERES","")
B67: =C30&" UNI GY "&TEXT(-G30,"0.0000") -> 74 121 TO 124 285 TO 287 310 TO 326 352 TO 371 UNI GY -0.2898 | C67: =IF(LEN($B67)>79,"MÁS DE 79 CARACTERES","")
B68: =C31&" UNI GY "&TEXT(-G31,"0.0000") -> 327 372 TO 375 UNI GY -0.2415 | C68: =IF(LEN($B68)>79,"MÁS DE 79 CARACTERES","")
B69: =C32&" UNI GY "&TEXT(-G32,"0.0000") -> 11 48 TO 51 UNI GY -0.0966 | C69: =IF(LEN($B69)>79,"MÁS DE 79 CARACTERES","")
B70: =C33&" UNI GY "&TEXT(-G33,"0.0000") -> 12 52 TO 55 UNI GY -0.1449 | C70: =IF(LEN($B70)>79,"MÁS DE 79 CARACTERES","")
B71: =C48&" UNI GY "&TEXT(-G48,"0.0000") -> 16 17 20 21 24 25 28 29 32 33 36 37 40 41 199 TO 202 205 TO 214 UNI GY -0.0702 | C71: =IF(LEN($B71)>79,"MÁS DE 79 CARACTERES","")
B72: =C49&" UNI GY "&TEXT(-G49,"0.0000") -> 23 27 31 43 46 149 153 155 159 161 203 UNI GY -0.0702 | C72: =IF(LEN($B72)>79,"MÁS DE 79 CARACTERES","")
B73: =C50&" UNI GY "&TEXT(-G50,"0.0000") -> 44 45 UNI GY -0.0518 | C73: =IF(LEN($B73)>79,"MÁS DE 79 CARACTERES","")
B74: =C51&" UNI GY "&TEXT(-G51,"0.0000") -> 215 216 UNI GY -0.0397 | C74: =IF(LEN($B74)>79,"MÁS DE 79 CARACTERES","")
B75: =C52&" UNI GY "&TEXT(-G52,"0.0000") -> 68 204 233 UNI GY -0.0351 | C75: =IF(LEN($B75)>79,"MÁS DE 79 CARACTERES","")
B76: =C53&" UNI GY "&TEXT(-G53,"0.0000") -> 35 157 UNI GY -0.0497 | C76: =IF(LEN($B76)>79,"MÁS DE 79 CARACTERES","")
B77: =C54&" UNI GY "&TEXT(-G54,"0.0000") -> 234 UNI GY -0.0205 | C77: =IF(LEN($B77)>79,"MÁS DE 79 CARACTERES","")
B78: =C55&" UNI GY "&TEXT(-G55,"0.0000") -> 39 UNI GY -0.0556 | C78: =IF(LEN($B78)>79,"MÁS DE 79 CARACTERES","")
B79: =C56&" UNI GY "&TEXT(-G56,"0.0000") -> 47 UNI GY -0.0594 | C79: =IF(LEN($B79)>79,"MÁS DE 79 CARACTERES","")
B80: =C57&" UNI GY "&TEXT(-G57,"0.0000") -> 11 48 TO 51 UNI GY -0.0243 | C80: =IF(LEN($B80)>79,"MÁS DE 79 CARACTERES","")
B81: =C58&" UNI GY "&TEXT(-G58,"0.0000") -> 241 242 269 TO 280 UNI GY -0.0167 | C81: =IF(LEN($B81)>79,"MÁS DE 79 CARACTERES","")
B82: =C59&" UNI GY "&TEXT(-G59,"0.0000") -> 243 TO 250 UNI GY -0.0046 | C82: =IF(LEN($B82)>79,"MÁS DE 79 CARACTERES","")
B83: =C60&" UNI GY "&TEXT(-G60,"0.0000") -> 234 UNI GY -0.7800 | C83: =IF(LEN($B83)>79,"MÁS DE 79 CARACTERES","")
B85: Caso 2 — carga viva | C85: Revisión
B86: MEMBER LOAD | C86: =IF(LEN($B86)>79,"MÁS DE 79 CARACTERES","")
B87: =C30&" UNI GY "&TEXT(-F30*$C$24,"0.0000") -> 74 121 TO 124 285 TO 287 310 TO 326 352 TO 371 UNI GY -0.3000 | C87: =IF(LEN($B87)>79,"MÁS DE 79 CARACTERES","")
B88: =C31&" UNI GY "&TEXT(-F31*$C$24,"0.0000") -> 327 372 TO 375 UNI GY -0.2500 | C88: =IF(LEN($B88)>79,"MÁS DE 79 CARACTERES","")
B89: =C32&" UNI GY "&TEXT(-F32*$C$24,"0.0000") -> 11 48 TO 51 UNI GY -0.1000 | C89: =IF(LEN($B89)>79,"MÁS DE 79 CARACTERES","")
B90: =C33&" UNI GY "&TEXT(-F33*$C$24,"0.0000") -> 12 52 TO 55 UNI GY -0.1500 | C90: =IF(LEN($B90)>79,"MÁS DE 79 CARACTERES","")
B92: Caso 4 — masa del sismo (antes del SPECTRUM) | C92: Revisión
B93: JOINT LOAD | C93: =IF(LEN($B93)>79,"MÁS DE 79 CARACTERES","")
B94: =C39&" FX "&TEXT(G39,"0.00")&" FZ "&TEXT(G39,"0.00") -> 7 8 FX 486.86 FZ 486.86 | C94: =IF(LEN($B94)>79,"MÁS DE 79 CARACTERES","")
B95: =C40&" FX "&TEXT(G40,"0.00")&" FZ "&TEXT(G40,"0.00") -> 75 76 FX 778.98 FZ 778.98 | C95: =IF(LEN($B95)>79,"MÁS DE 79 CARACTERES","")
B96: =C41&" FX "&TEXT(G41,"0.00")&" FZ "&TEXT(G41,"0.00") -> 9 10 FX 292.12 FZ 292.12 | C96: =IF(LEN($B96)>79,"MÁS DE 79 CARACTERES","")
B97: MEMBER LOAD | C97: =IF(LEN($B97)>79,"MÁS DE 79 CARACTERES","")
B98: =C48&" UNI GX "&TEXT(G48,"0.0000") -> 16 17 20 21 24 25 28 29 32 33 36 37 40 41 199 TO 202 205 TO 214 UNI GX 0.0702 | C98: =IF(LEN($B98)>79,"MÁS DE 79 CARACTERES","")
B99: =C49&" UNI GX "&TEXT(G49,"0.0000") -> 23 27 31 43 46 149 153 155 159 161 203 UNI GX 0.0702 | C99: =IF(LEN($B99)>79,"MÁS DE 79 CARACTERES","")
B100: =C50&" UNI GX "&TEXT(G50,"0.0000") -> 44 45 UNI GX 0.0518 | C100: =IF(LEN($B100)>79,"MÁS DE 79 CARACTERES","")
B101: =C51&" UNI GX "&TEXT(G51,"0.0000") -> 215 216 UNI GX 0.0397 | C101: =IF(LEN($B101)>79,"MÁS DE 79 CARACTERES","")
B102: =C52&" UNI GX "&TEXT(G52,"0.0000") -> 68 204 233 UNI GX 0.0351 | C102: =IF(LEN($B102)>79,"MÁS DE 79 CARACTERES","")
B103: =C53&" UNI GX "&TEXT(G53,"0.0000") -> 35 157 UNI GX 0.0497 | C103: =IF(LEN($B103)>79,"MÁS DE 79 CARACTERES","")
B104: =C54&" UNI GX "&TEXT(G54,"0.0000") -> 234 UNI GX 0.0205 | C104: =IF(LEN($B104)>79,"MÁS DE 79 CARACTERES","")
B105: =C55&" UNI GX "&TEXT(G55,"0.0000") -> 39 UNI GX 0.0556 | C105: =IF(LEN($B105)>79,"MÁS DE 79 CARACTERES","")
B106: =C56&" UNI GX "&TEXT(G56,"0.0000") -> 47 UNI GX 0.0594 | C106: =IF(LEN($B106)>79,"MÁS DE 79 CARACTERES","")
B107: =C57&" UNI GX "&TEXT(G57,"0.0000") -> 11 48 TO 51 UNI GX 0.0243 | C107: =IF(LEN($B107)>79,"MÁS DE 79 CARACTERES","")
B108: =C58&" UNI GX "&TEXT(G58,"0.0000") -> 241 242 269 TO 280 UNI GX 0.0167 | C108: =IF(LEN($B108)>79,"MÁS DE 79 CARACTERES","")
B109: =C59&" UNI GX "&TEXT(G59,"0.0000") -> 243 TO 250 UNI GX 0.0046 | C109: =IF(LEN($B109)>79,"MÁS DE 79 CARACTERES","")
B110: =C60&" UNI GX "&TEXT(G60,"0.0000") -> 234 UNI GX 0.7800 | C110: =IF(LEN($B110)>79,"MÁS DE 79 CARACTERES","")
B111: =C48&" UNI GZ "&TEXT(G48,"0.0000") -> 16 17 20 21 24 25 28 29 32 33 36 37 40 41 199 TO 202 205 TO 214 UNI GZ 0.0702 | C111: =IF(LEN($B111)>79,"MÁS DE 79 CARACTERES","")
B112: =C49&" UNI GZ "&TEXT(G49,"0.0000") -> 23 27 31 43 46 149 153 155 159 161 203 UNI GZ 0.0702 | C112: =IF(LEN($B112)>79,"MÁS DE 79 CARACTERES","")
B113: =C50&" UNI GZ "&TEXT(G50,"0.0000") -> 44 45 UNI GZ 0.0518 | C113: =IF(LEN($B113)>79,"MÁS DE 79 CARACTERES","")
B114: =C51&" UNI GZ "&TEXT(G51,"0.0000") -> 215 216 UNI GZ 0.0397 | C114: =IF(LEN($B114)>79,"MÁS DE 79 CARACTERES","")
B115: =C52&" UNI GZ "&TEXT(G52,"0.0000") -> 68 204 233 UNI GZ 0.0351 | C115: =IF(LEN($B115)>79,"MÁS DE 79 CARACTERES","")
...

Sheet TABLA_T_Sa
B1: ESPECTROS — PERIODO T (s) CONTRA PSEUDOACELERACIÓN Sₐ EN g Y EN cm/s² (UNIDADES kgf–cm)
B2: La ordenada es la PSEUDOACELERACIÓN espectral Sₐ = ω²·S_d. Se conserva en fracción de g y se agrega/usa su equivalente en cm/s² para sistemas kgf–cm. Conversión: Sₐ(cm/s²) = Sₐ(g) × 980.665. Para STAAD con longitud en cm y fuerza en kgf, la aceleración es cm/s²; no es kg/cm² ni cm²/kg.
B3: =COEFICIENTE!$B$3 -> Sin alertas: datos completos y sistemas dentro de sus límites.
B4: CÓMO SE USA: en esta hoja cada uno de los tres espectros tiene T (s), Sₐ (g) y Sₐ (cm/s²). Para STAAD usa el bloque de la hoja STAAD (ordenadas en g con el SCALE en cm/s²).
B6: A. TABLAS T – S_a (DE 0 A 10 s) | N6: B. CON QUÉ SALEN Y CON QUÉ FACTOR SE USAN
B7: Los quiebres de cada espectro (T_o/3, T_o, T_0, T_S y T_L) van exactos en la malla: por eso algunos T no son redondos. | N7: Resumen de la hoja STAAD y de COEFICIENTE para usar los bloques de la izquierda.
B8: 1) ELÁSTICO NTDS — R = 1 | F8: 2) DISEÑO X — ÷ R_X | J8: 3) DISEÑO Z — ÷ R_Z | N8: Concepto | O8: Dir. X | P8: Dir. Z | Q8: Unidad | R8: Referencia
B9: =IF(STAAD!$C$17="ASCE 7-16","ASCE 7-16 §11.4.6 · S_a de diseño (⅔ del MCE_R)","NTDS-1994 §5.2, pág. 11 · C_sm con R = 1 (ya trae I)") -> NTDS-1994 §5.2, pág. 11 · C_sm con R = 1 (ya trae I) | F9: =IF(STAAD!$C$17="ASCE 7-16","ASCE 7-16 §11.4.6 y §12.9.1 · S_a·I_e/R_X","NTDS-1994 §5.2, pág. 11 · C_sm ÷ R_X (Tabla 7, pág. 23)") -> NTDS-1994 §5.2, pág. 11 · C_sm ÷ R_X (Tabla 7, pág. 23) | J9: =IF(STAAD!$C$17="ASCE 7-16","ASCE 7-16 §11.4.6 y §12.9.1 · S_a·I_e/R_Z","NTDS-1994 §5.2, pág. 11 · C_sm ÷ R_Z (Tabla 7, pág. 23)") -> NTDS-1994 §5.2, pág. 11 · C_sm ÷ R_Z (Tabla 7, pág. 23) | N9: Norma del espectro | O9: =STAAD!$C$17 -> NTDS-1994 | Q9: — | R9: Selector de la hoja STAAD · fuera del AMSS rige la NTDS-1994 (OPAMSS Art. VI.7-B, DO pág. 73)
B10: T (s) | C10: Sₐ PSEUDOACELERACIÓN (g) | D10: Sₐ PSEUDOACELERACIÓN (cm/s²) | F10: T (s) | G10: Sₐ PSEUDOACELERACIÓN (g) | H10: Sₐ PSEUDOACELERACIÓN (cm/s²) | J10: T (s) | K10: Sₐ PSEUDOACELERACIÓN (g) | L10: Sₐ PSEUDOACELERACIÓN (cm/s²) | N10: R — factor de reducción | O10: =IF(STAAD!$C$17="ASCE 7-16",COEFICIENTE!$C$35,COEFICIENTE!$C$12) -> 7 | P10: =IF(STAAD!$C$17="ASCE 7-16",COEFICIENTE!$D$35,COEFICIENTE!$D$12) -> 7 | Q10: — | R10: NTDS-1994 Tabla 7, pág. 23 · ASCE 7-16 Tabla 12.2-1
B11: =ESPECTROS!$B73 -> 0 | C11: =ESPECTROS!$O73 -> 0.48 | D11: =C11*$O$16 -> 470.7192 | F11: =ESPECTROS!$B73 -> 0 | G11: =IF(STAAD!$C$17="ASCE 7-16",ESPECTROS!$H73*IF(DATOS!$C$9="SÍ",COEFICIENTE!$C$68,1),ESPECTROS!$D73) -> 0.068571429 | H11: =G11*$O$16 -> 67.2456 | J11: =ESPECTROS!$B73 -> 0 | K11: =IF(STAAD!$C$17="ASCE 7-16",ESPECTROS!$I73*IF(DATOS!$C$9="SÍ",COEFICIENTE!$D$68,1),ESPECTROS!$E73) -> 0.068571429 | L11: =K11*$O$16 -> 67.2456 | N11: Factor de escala con el bloque 1 (g/R) | O11: =STAAD!$C$18 -> 140.095 | P11: =STAAD!$D$18 -> 140.095 | Q11: m/s² | R11: NTDS-1994 §5.2, pág. 11 · ASCE 7-16 §12.9.1 (con I_e)
B12: =ESPECTROS!$B74 -> 0.02 | C12: =ESPECTROS!$O74 -> 0.576 | D12: =C12*$O$16 -> 564.86304 | F12: =ESPECTROS!$B74 -> 0.02 | G12: =IF(STAAD!$C$17="ASCE 7-16",ESPECTROS!$H74*IF(DATOS!$C$9="SÍ",COEFICIENTE!$C$68,1),ESPECTROS!$D74) -> 0.082285714 | H12: =G12*$O$16 -> 80.69472 | J12: =ESPECTROS!$B74 -> 0.02 | K12: =IF(STAAD!$C$17="ASCE 7-16",ESPECTROS!$I74*IF(DATOS!$C$9="SÍ",COEFICIENTE!$D$68,1),ESPECTROS!$E74) -> 0.082285714 | L12: =K12*$O$16 -> 80.69472 | N12: Factor de escala con los bloques 2 y 3 (g) | O12: 9.80665 | P12: =$O$12 -> 9.80665 | Q12: m/s² | R12: g estándar; los bloques 2 y 3 ya traen el ÷ R
B13: =ESPECTROS!$B75 -> 0.04 | C13: =ESPECTROS!$O75 -> 0.672 | D13: =C13*$O$16 -> 659.00688 | F13: =ESPECTROS!$B75 -> 0.04 | G13: =IF(STAAD!$C$17="ASCE 7-16",ESPECTROS!$H75*IF(DATOS!$C$9="SÍ",COEFICIENTE!$C$68,1),ESPECTROS!$D75) -> 0.096 | H13: =G13*$O$16 -> 94.14384 | J13: =ESPECTROS!$B75 -> 0.04 | K13: =IF(STAAD!$C$17="ASCE 7-16",ESPECTROS!$I75*IF(DATOS!$C$9="SÍ",COEFICIENTE!$D$68,1),ESPECTROS!$E75) -> 0.096 | L13: =K13*$O$16 -> 94.14384 | N13: Meseta del bloque 1 (elástico) | O13: =MAX($C$11:$C$117) -> 1.44 | Q13: g | R13: NTDS-1994 §5.2, pág. 11: I·A·C_o · ASCE 7-16 §11.4.6: S_DS
B14: =ESPECTROS!$B76 -> 0.06 | C14: =ESPECTROS!$O76 -> 0.768 | D14: =C14*$O$16 -> 753.15072 | F14: =ESPECTROS!$B76 -> 0.06 | G14: =IF(STAAD!$C$17="ASCE 7-16",ESPECTROS!$H76*IF(DATOS!$C$9="SÍ",COEFICIENTE!$C$68,1),ESPECTROS!$D76) -> 0.10971429 | H14: =G14*$O$16 -> 107.59296 | J14: =ESPECTROS!$B76 -> 0.06 | K14: =IF(STAAD!$C$17="ASCE 7-16",ESPECTROS!$I76*IF(DATOS!$C$9="SÍ",COEFICIENTE!$D$68,1),ESPECTROS!$E76) -> 0.10971429 | L14: =K14*$O$16 -> 107.59296 | N14: Meseta de los bloques 2 y 3 (diseño) | O14: =MAX($G$11:$G$117) -> 0.20571429 | P14: =MAX($K$11:$K$117) -> 0.20571429 | Q14: g | R14: NTDS-1994 §5.2, pág. 11: I·A·C_o/R · ASCE 7-16 ec. 12.8-2
B15: =ESPECTROS!$B77 -> 0.08 | C15: =ESPECTROS!$O77 -> 0.864 | D15: =C15*$O$16 -> 847.29456 | F15: =ESPECTROS!$B77 -> 0.08 | G15: =IF(STAAD!$C$17="ASCE 7-16",ESPECTROS!$H77*IF(DATOS!$C$9="SÍ",COEFICIENTE!$C$68,1),ESPECTROS!$D77) -> 0.12342857 | H15: =G15*$O$16 -> 121.04208 | J15: =ESPECTROS!$B77 -> 0.08 | K15: =IF(STAAD!$C$17="ASCE 7-16",ESPECTROS!$I77*IF(DATOS!$C$9="SÍ",COEFICIENTE!$D$68,1),ESPECTROS!$E77) -> 0.12342857 | L15: =K15*$O$16 -> 121.04208 | N15: Cortante basal mínimo para escalar el modal | O15: =IF(STAAD!$C$17="ASCE 7-16",STAAD!$C$15,STAAD!$C$12) -> 3.1801989 | P15: =IF(STAAD!$C$17="ASCE 7-16",STAAD!$D$15,STAAD!$D$12) -> 3.1801989 | Q15: t | R15: NTDS-1994 §5.4.1 (3), pág. 12 · ASCE 7-16 §12.9.1.4.1
B16: =ESPECTROS!$B78 -> 0.1 | C16: =ESPECTROS!$O78 -> 0.96 | D16: =C16*$O$16 -> 941.4384 | F16: =ESPECTROS!$B78 -> 0.1 | G16: =IF(STAAD!$C$17="ASCE 7-16",ESPECTROS!$H78*IF(DATOS!$C$9="SÍ",COEFICIENTE!$C$68,1),ESPECTROS!$D78) -> 0.13714286 | H16: =G16*$O$16 -> 134.4912 | J16: =ESPECTROS!$B78 -> 0.1 | K16: =IF(STAAD!$C$17="ASCE 7-16",ESPECTROS!$I78*IF(DATOS!$C$9="SÍ",COEFICIENTE!$D$68,1),ESPECTROS!$E78) -> 0.13714286 | L16: =K16*$O$16 -> 134.4912 | N16: g en kgf·cm (ETABS) | O16: =$O$12*100 -> 980.665 | P16: =$O$16 -> 980.665 | Q16: cm/s² | R16: g estándar 9.80665 m/s² × 100 cm/m
B17: =ESPECTROS!$B79 -> 0.12 | C17: =ESPECTROS!$O79 -> 1.056 | D17: =C17*$O$16 -> 1035.5822 | F17: =ESPECTROS!$B79 -> 0.12 | G17: =IF(STAAD!$C$17="ASCE 7-16",ESPECTROS!$H79*IF(DATOS!$C$9="SÍ",COEFICIENTE!$C$68,1),ESPECTROS!$D79) -> 0.15085714 | H17: =G17*$O$16 -> 147.94032 | J17: =ESPECTROS!$B79 -> 0.12 | K17: =IF(STAAD!$C$17="ASCE 7-16",ESPECTROS!$I79*IF(DATOS!$C$9="SÍ",COEFICIENTE!$D$68,1),ESPECTROS!$E79) -> 0.15085714 | L17: =K17*$O$16 -> 147.94032 | N17: ETABS kgf·cm · bloque 1 con S_a (g): g/R | O17: =$O$11*100 -> 14009.5 | P17: =$P$11*100 -> 14009.5 | Q17: cm/s² | R17: NTDS-1994 §5.2, pág. 11 · ASCE 7-16 §12.9.1 · fila 11 × 100
B18: =ESPECTROS!$B80 -> 0.14 | C18: =ESPECTROS!$O80 -> 1.152 | D18: =C18*$O$16 -> 1129.7261 | F18: =ESPECTROS!$B80 -> 0.14 | G18: =IF(STAAD!$C$17="ASCE 7-16",ESPECTROS!$H80*IF(DATOS!$C$9="SÍ",COEFICIENTE!$C$68,1),ESPECTROS!$D80) -> 0.16457143 | H18: =G18*$O$16 -> 161.38944 | J18: =ESPECTROS!$B80 -> 0.14 | K18: =IF(STAAD!$C$17="ASCE 7-16",ESPECTROS!$I80*IF(DATOS!$C$9="SÍ",COEFICIENTE!$D$68,1),ESPECTROS!$E80) -> 0.16457143 | L18: =K18*$O$16 -> 161.38944 | N18: ETABS kgf·cm · bloques 2 y 3 con S_a (g): g | O18: =$O$16 -> 980.665 | P18: =$P$16 -> 980.665 | Q18: cm/s² | R18: g estándar; los bloques 2 y 3 ya traen el ÷ R
B19: =ESPECTROS!$B81 -> 0.15720081 | C19: =ESPECTROS!$O81 -> 1.2345639 | D19: =C19*$O$16 -> 1210.6936 | F19: =ESPECTROS!$B81 -> 0.15720081 | G19: =IF(STAAD!$C$17="ASCE 7-16",ESPECTROS!$H81*IF(DATOS!$C$9="SÍ",COEFICIENTE!$C$68,1),ESPECTROS!$D81) -> 0.17636627 | H19: =G19*$O$16 -> 172.95623 | J19: =ESPECTROS!$B81 -> 0.15720081 | K19: =IF(STAAD!$C$17="ASCE 7-16",ESPECTROS!$I81*IF(DATOS!$C$9="SÍ",COEFICIENTE!$D$68,1),ESPECTROS!$E81) -> 0.17636627 | L19: =K19*$O$16 -> 172.95623 | N19: ETABS kgf·cm · bloque 1 con S_a (cm/s²): 1/R | O19: =$O$11/$O$12 -> 14.285714 | P19: =$P$11/$O$12 -> 14.285714 | Q19: — | R19: NTDS-1994 §5.2, pág. 11 · ASCE 7-16 §12.9.1 · fila 11 ÷ g
B20: =ESPECTROS!$B82 -> 0.18 | C20: =ESPECTROS!$O82 -> 1.344 | D20: =C20*$O$16 -> 1318.0138 | F20: =ESPECTROS!$B82 -> 0.18 | G20: =IF(STAAD!$C$17="ASCE 7-16",ESPECTROS!$H82*IF(DATOS!$C$9="SÍ",COEFICIENTE!$C$68,1),ESPECTROS!$D82) -> 0.192 | H20: =G20*$O$16 -> 188.28768 | J20: =ESPECTROS!$B82 -> 0.18 | K20: =IF(STAAD!$C$17="ASCE 7-16",ESPECTROS!$I82*IF(DATOS!$C$9="SÍ",COEFICIENTE!$D$68,1),ESPECTROS!$E82) -> 0.192 | L20: =K20*$O$16 -> 188.28768 | N20: ETABS kgf·cm · bloques 2 y 3 con S_a (cm/s²) | O20: 1 | P20: =$O$20 -> 1 | Q20: — | R20: Ya vienen en cm/s² y ÷ R: no se vuelven a escalar
B21: =ESPECTROS!$B83 -> 0.2 | C21: =ESPECTROS!$O83 -> 1.44 | D21: =C21*$O$16 -> 1412.1576 | F21: =ESPECTROS!$B83 -> 0.2 | G21: =IF(STAAD!$C$17="ASCE 7-16",ESPECTROS!$H83*IF(DATOS!$C$9="SÍ",COEFICIENTE!$C$68,1),ESPECTROS!$D83) -> 0.20571429 | H21: =G21*$O$16 -> 201.7368 | J21: =ESPECTROS!$B83 -> 0.2 | K21: =IF(STAAD!$C$17="ASCE 7-16",ESPECTROS!$I83*IF(DATOS!$C$9="SÍ",COEFICIENTE!$D$68,1),ESPECTROS!$E83) -> 0.20571429 | L21: =K21*$O$16 -> 201.7368 | N21: Meseta de los bloques 2 y 3 en cm/s² | O21: =$O$14*$O$16 -> 201.7368 | P21: =$P$14*$O$16 -> 201.7368 | Q21: cm/s² | R21: NTDS-1994 §5.2, pág. 11 · ASCE 7-16 ec. 12.8-2 · fila 14 × g
B22: =ESPECTROS!$B84 -> 0.22 | C22: =ESPECTROS!$O84 -> 1.44 | D22: =C22*$O$16 -> 1412.1576 | F22: =ESPECTROS!$B84 -> 0.22 | G22: =IF(STAAD!$C$17="ASCE 7-16",ESPECTROS!$H84*IF(DATOS!$C$9="SÍ",COEFICIENTE!$C$68,1),ESPECTROS!$D84) -> 0.20571429 | H22: =G22*$O$16 -> 201.7368 | J22: =ESPECTROS!$B84 -> 0.22 | K22: =IF(STAAD!$C$17="ASCE 7-16",ESPECTROS!$I84*IF(DATOS!$C$9="SÍ",COEFICIENTE!$D$68,1),ESPECTROS!$E84) -> 0.20571429 | L22: =K22*$O$16 -> 201.7368
B23: =ESPECTROS!$B85 -> 0.24 | C23: =ESPECTROS!$O85 -> 1.44 | D23: =C23*$O$16 -> 1412.1576 | F23: =ESPECTROS!$B85 -> 0.24 | G23: =IF(STAAD!$C$17="ASCE 7-16",ESPECTROS!$H85*IF(DATOS!$C$9="SÍ",COEFICIENTE!$C$68,1),ESPECTROS!$D85) -> 0.20571429 | H23: =G23*$O$16 -> 201.7368 | J23: =ESPECTROS!$B85 -> 0.24 | K23: =IF(STAAD!$C$17="ASCE 7-16",ESPECTROS!$I85*IF(DATOS!$C$9="SÍ",COEFICIENTE!$D$68,1),ESPECTROS!$E85) -> 0.20571429 | L23: =K23*$O$16 -> 201.7368
B24: =ESPECTROS!$B86 -> 0.26 | C24: =ESPECTROS!$O86 -> 1.44 | D24: =C24*$O$16 -> 1412.1576 | F24: =ESPECTROS!$B86 -> 0.26 | G24: =IF(STAAD!$C$17="ASCE 7-16",ESPECTROS!$H86*IF(DATOS!$C$9="SÍ",COEFICIENTE!$C$68,1),ESPECTROS!$D86) -> 0.20571429 | H24: =G24*$O$16 -> 201.7368 | J24: =ESPECTROS!$B86 -> 0.26 | K24: =IF(STAAD!$C$17="ASCE 7-16",ESPECTROS!$I86*IF(DATOS!$C$9="SÍ",COEFICIENTE!$D$68,1),ESPECTROS!$E86) -> 0.20571429 | L24: =K24*$O$16 -> 201.7368
B25: =ESPECTROS!$B87 -> 0.28 | C25: =ESPECTROS!$O87 -> 1.44 | D25: =C25*$O$16 -> 1412.1576 | F25: =ESPECTROS!$B87 -> 0.28 | G25: =IF(STAAD!$C$17="ASCE 7-16",ESPECTROS!$H87*IF(DATOS!$C$9="SÍ",COEFICIENTE!$C$68,1),ESPECTROS!$D87) -> 0.20571429 | H25: =G25*$O$16 -> 201.7368 | J25: =ESPECTROS!$B87 -> 0.28 | K25: =IF(STAAD!$C$17="ASCE 7-16",ESPECTROS!$I87*IF(DATOS!$C$9="SÍ",COEFICIENTE!$D$68,1),ESPECTROS!$E87) -> 0.20571429 | L25: =K25*$O$16 -> 201.7368
B26: =ESPECTROS!$B88 -> 0.3 | C26: =ESPECTROS!$O88 -> 1.44 | D26: =C26*$O$16 -> 1412.1576 | F26: =ESPECTROS!$B88 -> 0.3 | G26: =IF(STAAD!$C$17="ASCE 7-16",ESPECTROS!$H88*IF(DATOS!$C$9="SÍ",COEFICIENTE!$C$68,1),ESPECTROS!$D88) -> 0.20571429 | H26: =G26*$O$16 -> 201.7368 | J26: =ESPECTROS!$B88 -> 0.3 | K26: =IF(STAAD!$C$17="ASCE 7-16",ESPECTROS!$I88*IF(DATOS!$C$9="SÍ",COEFICIENTE!$D$68,1),ESPECTROS!$E88) -> 0.20571429 | L26: =K26*$O$16 -> 201.7368
B27: =ESPECTROS!$B89 -> 0.32 | C27: =ESPECTROS!$O89 -> 1.44 | D27: =C27*$O$16 -> 1412.1576 | F27: =ESPECTROS!$B89 -> 0.32 | G27: =IF(STAAD!$C$17="ASCE 7-16",ESPECTROS!$H89*IF(DATOS!$C$9="SÍ",COEFICIENTE!$C$68,1),ESPECTROS!$D89) -> 0.20571429 | H27: =G27*$O$16 -> 201.7368 | J27: =ESPECTROS!$B89 -> 0.32 | K27: =IF(STAAD!$C$17="ASCE 7-16",ESPECTROS!$I89*IF(DATOS!$C$9="SÍ",COEFICIENTE!$D$68,1),ESPECTROS!$E89) -> 0.20571429 | L27: =K27*$O$16 -> 201.7368
B28: =ESPECTROS!$B90 -> 0.34 | C28: =ESPECTROS!$O90 -> 1.44 | D28: =C28*$O$16 -> 1412.1576 | F28: =ESPECTROS!$B90 -> 0.34 | G28: =IF(STAAD!$C$17="ASCE 7-16",ESPECTROS!$H90*IF(DATOS!$C$9="SÍ",COEFICIENTE!$C$68,1),ESPECTROS!$D90) -> 0.20571429 | H28: =G28*$O$16 -> 201.7368 | J28: =ESPECTROS!$B90 -> 0.34 | K28: =IF(STAAD!$C$17="ASCE 7-16",ESPECTROS!$I90*IF(DATOS!$C$9="SÍ",COEFICIENTE!$D$68,1),ESPECTROS!$E90) -> 0.20571429 | L28: =K28*$O$16 -> 201.7368
B29: =ESPECTROS!$B91 -> 0.36 | C29: =ESPECTROS!$O91 -> 1.44 | D29: =C29*$O$16 -> 1412.1576 | F29: =ESPECTROS!$B91 -> 0.36 | G29: =IF(STAAD!$C$17="ASCE 7-16",ESPECTROS!$H91*IF(DATOS!$C$9="SÍ",COEFICIENTE!$C$68,1),ESPECTROS!$D91) -> 0.20571429 | H29: =G29*$O$16 -> 201.7368 | J29: =ESPECTROS!$B91 -> 0.36 | K29: =IF(STAAD!$C$17="ASCE 7-16",ESPECTROS!$I91*IF(DATOS!$C$9="SÍ",COEFICIENTE!$D$68,1),ESPECTROS!$E91) -> 0.20571429 | L29: =K29*$O$16 -> 201.7368
B30: =ESPECTROS!$B92 -> 0.38 | C30: =ESPECTROS!$O92 -> 1.44 | D30: =C30*$O$16 -> 1412.1576 | F30: =ESPECTROS!$B92 -> 0.38 | G30: =IF(STAAD!$C$17="ASCE 7-16",ESPECTROS!$H92*IF(DATOS!$C$9="SÍ",COEFICIENTE!$C$68,1),ESPECTROS!$D92) -> 0.20571429 | H30: =G30*$O$16 -> 201.7368 | J30: =ESPECTROS!$B92 -> 0.38 | K30: =IF(STAAD!$C$17="ASCE 7-16",ESPECTROS!$I92*IF(DATOS!$C$9="SÍ",COEFICIENTE!$D$68,1),ESPECTROS!$E92) -> 0.20571429 | L30: =K30*$O$16 -> 201.7368
B31: =ESPECTROS!$B93 -> 0.4 | C31: =ESPECTROS!$O93 -> 1.44 | D31: =C31*$O$16 -> 1412.1576 | F31: =ESPECTROS!$B93 -> 0.4 | G31: =IF(STAAD!$C$17="ASCE 7-16",ESPECTROS!$H93*IF(DATOS!$C$9="SÍ",COEFICIENTE!$C$68,1),ESPECTROS!$D93) -> 0.20571429 | H31: =G31*$O$16 -> 201.7368 | J31: =ESPECTROS!$B93 -> 0.4 | K31: =IF(STAAD!$C$17="ASCE 7-16",ESPECTROS!$I93*IF(DATOS!$C$9="SÍ",COEFICIENTE!$D$68,1),ESPECTROS!$E93) -> 0.20571429 | L31: =K31*$O$16 -> 201.7368
B32: =ESPECTROS!$B94 -> 0.42 | C32: =ESPECTROS!$O94 -> 1.44 | D32: =C32*$O$16 -> 1412.1576 | F32: =ESPECTROS!$B94 -> 0.42 | G32: =IF(STAAD!$C$17="ASCE 7-16",ESPECTROS!$H94*IF(DATOS!$C$9="SÍ",COEFICIENTE!$C$68,1),ESPECTROS!$D94) -> 0.20571429 | H32: =G32*$O$16 -> 201.7368 | J32: =ESPECTROS!$B94 -> 0.42 | K32: =IF(STAAD!$C$17="ASCE 7-16",ESPECTROS!$I94*IF(DATOS!$C$9="SÍ",COEFICIENTE!$D$68,1),ESPECTROS!$E94) -> 0.20571429 | L32: =K32*$O$16 -> 201.7368
B33: =ESPECTROS!$B95 -> 0.44 | C33: =ESPECTROS!$O95 -> 1.44 | D33: =C33*$O$16 -> 1412.1576 | F33: =ESPECTROS!$B95 -> 0.44 | G33: =IF(STAAD!$C$17="ASCE 7-16",ESPECTROS!$H95*IF(DATOS!$C$9="SÍ",COEFICIENTE!$C$68,1),ESPECTROS!$D95) -> 0.20571429 | H33: =G33*$O$16 -> 201.7368 | J33: =ESPECTROS!$B95 -> 0.44 | K33: =IF(STAAD!$C$17="ASCE 7-16",ESPECTROS!$I95*IF(DATOS!$C$9="SÍ",COEFICIENTE!$D$68,1),ESPECTROS!$E95) -> 0.20571429 | L33: =K33*$O$16 -> 201.7368
... B117: =ESPECTROS!$B179 -> 10 | C117: =ESPECTROS!$O179 -> 0.11886938 | D117: =C117*$O$16 -> 116.57104 | F117: =ESPECTROS!$B179 -> 10 | G117: =IF(STAAD!$C$17="ASCE 7-16",ESPECTROS!$H179*IF(DATOS!$C$9="SÍ",COEFICIENTE!$C$68,1),ESPECTROS!$D179) -> 0.01698134 | H117: =G117*$O$16 -> 16.653006 | J117: =ESPECTROS!$B179 -> 10 | K117: =IF(STAAD!$C$17="ASCE 7-16",ESPECTROS!$I179*IF(DATOS!$C$9="SÍ",COEFICIENTE!$D$68,1),ESPECTROS!$E179) -> 0.01698134 | L117: =K117*$O$16 -> 16.653006

Sheet SV_vs_MEXICO
B1: CÓMO SE HACE EN EL SALVADOR Y EN QUÉ SE PARECE AL MDOC-CFE
B2: Paso por paso: NTDS-1994 (todo el país), ASCE 7-16 con el Anexo 37 (AMSS) y el equivalente en México con el MDOC-CFE Diseño por Sismo 2015. Del MDOC se describe el procedimiento por concepto (no se citan páginas porque el impreso no está en este paquete).
B4: A. PASO A PASO
B5: Paso | C5: NTDS-1994 (todo el país) | D5: ASCE 7-16 + Anexo 37 (AMSS) | E5: México — MDOC-CFE Sismo 2015 | F5: Dónde cae en este libro
B6: 1. Qué norma | C6: NTDS-1994 del MOP, junto con el Reglamento para la Seguridad Estructural (RESESCO, 1996). | D6: En los 14 municipios del AMSS: ASCE/SEI 7-16 con el Anexo 37. Obligatoria con aisladores o disipadores; opcional en lo demás, pero sin quedar abajo de la NTDS. | E6: Capítulo de Diseño por Sismo del MDOC-CFE, edición 2015 (o el reglamento local, como las NTC en la CDMX). | F6: DATOS §1
B7: 2. Peligro del sitio | C7: Zona 1 ó 2 en el mapa de la Fig. 1 → A = 0.40 ó 0.30 g. No hay programa ni coordenadas. | D7: No se busca nada: S_S = 2.21 g y S_1 = 0.62 g para todo el AMSS. | E7: PRODISIS con las coordenadas del sitio: a0r en roca del espectro de referencia, o espectros de periodo de retorno especificado según el grupo. | F7: DATOS §2 y §3
B8: 3. Nivel de peligro | C8: 10% de excedencia en 50 años (≈ 475 años), Comentarios págs. 7 y 9. | D8: ⅔ del sismo de 2% en 50 años (≈ 2,475 años). | E8: Grupo B: periodo de retorno óptimo, que cambia de sitio a sitio. Grupos A y A+: periodos de retorno especificados o sismo máximo creíble. | F8: —
B9: 4. Suelo | C9: Perfil S1 a S4 por descripción del estudio geotécnico → C_o y T_o. Sin datos, S3. | D9: Clase A a F por V_s30 medida → F_a y F_v de la tabla del Anexo. | E9: Periodo dominante T_s y velocidad v_s del estrato (o zona y tipo de terreno) → F_Sit, F_Res, T_a, T_b. | F9: DATOS §2 y §3
B10: 5. Importancia | C10: Categoría I, II o III → I = 1.5 / 1.2 / 1.0, multiplica todo el espectro. | D10: Categoría de riesgo I a IV → I_e = 1.0 / 1.0 / 1.25 / 1.5. | E10: Grupo B, A o A+ → qué espectro de peligro se usa y su factor de importancia. | F10: DATOS §2 y §3
B11: 6. Espectro elástico | C11: Sube de I·A (T = 0) a I·A·C_o en T_o/3; meseta hasta T_o; baja con (T_o/T)^(2/3) hasta 4 s y luego con T^(−4/3). | D11: Sube de 0.4·S_DS a S_DS en T_0; meseta hasta T_S; baja con S_D1/T hasta T_L y luego con S_D1·T_L/T². | E11: Sube de a0 a β·c en T_a; meseta hasta T_b; baja con (T_b/T)^r hasta T_c; después una rama controlada por k. | F11: ESPECTROS, gráfica 2
B12: 7. Reducción | C12: Todo el espectro entre R (Tabla 7, de 3 a 12), constante en todo el periodo. | D12: S_a·I_e/R (Tabla 12.2-1, R de 1.25 a 8), constante. | E12: Entre α·Q'·R·ρ: Q' (ductilidad) y R (sobrerresistencia) cambian con el periodo; ρ por redundancia y α por irregularidad. | F12: ESPECTROS, gráfica 1
B13: 8. Periodo y cortante estático | C13: T = C_t·h_n^(3/4). C_s = A·I·C_o/R·(T_o/T)^(2/3) con T entre T_o y 6T_o; con T del modelo, C_s ≥ 80% del de Método A. | D13: T_a = C_t·h_n^x y T ≤ C_u·T_a. C_s = S_DS·I_e/R con topes y mínimos; en el AMSS siempre rige el mínimo por S_1 ≥ 0.6 g. | E13: Ordenada del espectro reducido en el periodo de la estructura, repartida en la altura. | F13: COEFICIENTE §A y §B
B14: 9. Análisis modal | C14: Espectro elástico en STAAD con SCALE = g/R por dirección. Escalar el cortante a 90% (regular) o 100% (irregular) del estático. | D14: S_a elástico con factor g·I_e/R. Escalar al 100% del cortante estático. | E14: Espectro reducido en el programa y revisión del cortante basal mínimo. | F14: STAAD · COEFICIENTE
B15: 10. Combinaciones | C15: RESESCO Art. 21: 0.75(1.4CM + 1.7CV + 1.87S) y 0.9CM + 1.43S → el sismo va por 1.40–1.43. | D15: Las de ASCE (1.2D + E + L y 0.9D + E) y además siempre 1.4D + 1.7L (Anexo 37, punto 4.a). | E15: En la práctica mexicana (NTC-2017, Criterios y Acciones) la combinación con sismo lleva factor 1.1. | F15: TABLAS
B16: 11. Desplazamientos | C16: δ = C_d·δ_e; deriva admisible 0.010 a 0.020·h (Tabla 8, pág. 24). | D16: δ = C_d·δ_e/I_e; deriva admisible 0.007 a 0.025·h (Tabla 12.12-1). | E16: Desplazamientos del análisis reducido amplificados por los factores de reducción, contra distorsiones permisibles por sistema; además hay revisión de servicio con el espectro entre F_Ser = 5.5. | F16: COEFICIENTE · TABLAS
B17: 12. Revisión extra | C17: — | D17: Demostrar que la demanda de ASCE no es menor que la de la NTDS; si lo es, calibrar (Art. VI.7-B). | E17: No existe nada equivalente. | F17: COEFICIENTE §C
B19: B. LO QUE MÁS CONFUNDE SI VIENES DEL MDOC
B20: • El R salvadoreño no es el R del MDOC. En el MDOC, R es sólo la sobrerresistencia y Q' la ductilidad; el R de la NTDS junta todo y además está a esfuerzos permisibles. Por eso un marco especial lleva R = 12 en la NTDS, R = 8 en ASCE y un Q'·R del orden de 8 en el MDOC con Q = 4.
B21: • Las fuerzas de la NTDS son de servicio (Comentarios, pág. 7). La RESESCO las multiplica por 1.40 a 1.43 en las combinaciones; ASCE va con 1.0 y en México se usa 1.1. Nunca compares coeficientes entre normas sin llevarlos al mismo nivel.
B22: • En la NTDS el suelo no amplifica la aceleración del terreno: en T = 0 el espectro vale I·A/R para cualquier perfil. El suelo sólo sube la meseta (C_o) y la alarga (T_o). En el MDOC el factor de sitio sí amplifica a0.
B23: • La rama descendente de la NTDS cae lento, (T_o/T)^(2/3), y sólo después de 4 s cambia a T^(−4/3): en periodos largos pesa más que una rama 1/T como la de ASCE.
B24: • C_o y T_o se calibraron con suelos del AMSS y se generalizaron a todo el país (Comentarios, pág. 9). No hay nada parecido a caracterizar T_s y v_s como en el MDOC.
B25: • En el AMSS con ASCE la categoría de diseño sísmico sale D para cualquier suelo: revisa los sistemas y alturas permitidos en SDC D (por ejemplo, los marcos ordinarios de acero no se permiten salvo las excepciones de las notas de la Tabla 12.2-1).
B26: • Si usas el espectro ASCE 7-16 que traen STAAD o ETABS, verifica S_DS y S_D1: con las tablas internas de ASCE saldrían otros F_a y F_v. Lo seguro es el espectro de la hoja STAAD.
B27: • El capítulo de sismo vigente del MDOC es la edición 2015 (la de 2020 es la de viento).

Sheet TABLAS
B1: TABLAS DE LAS NORMAS — VALORES DE CONSULTA
B2: Transcritas de la NTDS-1994, del Anexo 37 de la Reforma OPAMSS (Diario Oficial Tomo 434) y de ASCE/SEI 7-16, más el catálogo de naves de esta hoja. No se tocan: las leen las demás hojas. Páginas = numeración IMPRESA.
B4: NTDS TABLA 1 — FACTOR A DE ZONIFICACIÓN SÍSMICA · pág. 19
B5: A es la aceleración pico efectiva del terreno (fracción de g) para el sismo de 10% de excedencia en 50 años (Comentarios, págs. 7 a 9). La línea divisoria va de San Antonio Pajonal al río Goascorán (Fig. 1).
B6: Zona | C6: Dónde queda | D6: A (g)
B7: 1 | C7: Al sur de la línea divisoria: incluye todo el AMSS, la franja costera y todas las islas | D7: 0.4
B8: 2 | C8: Al norte de la línea divisoria | D8: 0.3
B10: NTDS TABLA 2 — COEFICIENTES DE SITIO Co Y To · pág. 20
B11: Si las propiedades del suelo no se conocen con detalle se usa S3 (nota 1). El impreso trae «0 6» en el To de S3: es 0.6 s. Co y To se calibraron con suelos del AMSS y se generalizaron al país (Comentarios, pág. 9).
B12: Perfil | C12: Descripción | D12: C_o | E12: T_o (s)
B13: S1 | C13: (a) Material de apariencia rocosa con Vs > 500 m/s; (b) suelo rígido o muy denso de menos de 30 m sobre roca | D13: 2.5 | E13: 0.3
B14: S2 | C14: (a) Suelo rígido o muy denso de 30 m o más sobre roca; (b) suelo compacto a medianamente denso de menos de 30 m | D14: 2.75 | E14: 0.5
B15: S3 | C15: Espesor acumulado de 4 a 12 m de suelos cohesivos blandos a medianamente compactos o no cohesivos sueltos | D15: 3 | E15: 0.6
B16: S4 | C16: Más de 12 m de suelo cohesivo blando o no cohesivo suelto, con Vs < 150 m/s | D16: 3 | E16: 0.9
B18: NTDS TABLAS 3 Y 4 — CATEGORÍA DE OCUPACIÓN Y FACTOR DE IMPORTANCIA I · pág. 21
B19: I multiplica todo el espectro.
B20: Categoría | C20: Qué incluye | D20: I
B21: I | C21: Esenciales o peligrosos: hospitales, centros de salud, bomberos, centrales telefónicas y de telecomunicaciones, escuelas, instalaciones militares, servicio público para la emergencia, almacenamiento de sustancias tóxicas | D21: 1.5
B22: II | C22: Ocupación especial: gobierno, universidades, guarderías, mercados, centros comerciales de más de 3000 m², almacenes de 500 m² o más de 10 m de alto, salones de más de 200 personas, estadios de 2000 o más, edificios de más de 4 pisos o más de 1000 m² por piso, museos, terminales | D22: 1.2
B23: III | C23: Ocupación normal: vivienda, oficinas, locales comerciales, hoteles, edificaciones industriales y todo lo que no está en I ni en II | D23: 1
B25: NTDS TABLA 7 — SISTEMAS ESTRUCTURALES: R, Cd Y ALTURA LÍMITE · pág. 23
B26: R divide el espectro y está a nivel de esfuerzos permisibles (por eso llega a 12). Cd amplifica los desplazamientos elásticos. H en metros; S.L. = sin límite. Sistemas definidos en §3.6, págs. 4 y 5.
B27: Código | C27: Sistema — descripción | D27: C_d | E27: R | F27: H (m)
B28: A1 | C28: Sistema A (marcos a momento) — marcos de acero o concreto con detallado especial | D28: 8 | E28: 12 | F28: S.L.
B29: A2 | C29: Sistema A — marcos de concreto con detallado intermedio | D29: 5 | E29: 5 | F29: 15
B30: A3 | C30: Sistema A — marcos de acero con detallado ordinario | D30: 6 | E30: 7 | F30: 30
B31: B1a | C31: Sistema B (marcos cargan gravedad; paredes o contravientos toman el sismo) — paredes de concreto | D31: 7 | E31: 8 | F31: 50
B32: B1b | C32: Sistema B — paredes de mampostería | D32: 6 | E32: 7 | F32: 35
B33: B2a | C33: Sistema B — marcos de acero arriostrados excéntricamente | D33: 6 | E33: 10 | F33: 50
B34: B2b | C34: Sistema B — marcos de acero arriostrados concéntricamente | D34: 7 | E34: 8 | F34: 50
B35: C1a | C35: Sistema C (dual) — paredes de concreto + marcos de concreto o acero con detallado especial | D35: 9 | E35: 12 | F35: S.L.
B36: C1b | C36: Sistema C — paredes de concreto + marcos de concreto intermedio o de acero ordinario | D36: 7 | E36: 8 | F36: S.L.
B37: C2a | C37: Sistema C — paredes de mampostería + marcos de concreto o acero con detallado especial | D37: 6 | E37: 7 | F37: 50
B38: C2b | C38: Sistema C — paredes de mampostería + marcos de concreto intermedio o de acero ordinario | D38: 5 | E38: 6 | F38: 30
B39: C3a | C39: Sistema C — arriostramiento excéntrico de acero + marcos con detallado especial | D39: 6 | E39: 12 | F39: S.L.
B40: C3b | C40: Sistema C — arriostramiento concéntrico de acero + marcos con detallado especial | D40: 7 | E40: 10 | F40: S.L.
B41: D1a | C41: Sistema D (paredes o contravientos cargan gravedad y sismo) — paredes de concreto | D41: 6 | E41: 7 | F41: 35
B42: D1b | C42: Sistema D — paredes de mampostería | D42: 5 | E42: 6 | F42: 25
B43: D2 | C43: Sistema D — marcos de acero arriostrados | D43: 5 | E43: 6 | F43: 50
B44: E1 | C44: Sistema E — péndulo invertido (masa concentrada en el extremo superior) | D44: 3 | E44: 3 | F44: —
B45: E2 | C45: Sistema E — masa esencialmente distribuida en su altura | D45: 4 | E45: 4 | F45: —
B47: CATÁLOGO DE NAVES — TIPO DE ESTRUCTURA → SISTEMA DE CADA NORMA · criterio de esta hoja
B48: Traduce el tipo de estructura que eliges en DATOS §4 a un sistema de la Tabla 7 de la NTDS (pág. 23) y a uno de la Tabla 12.2-1 de ASCE. Donde la NTDS no distingue (acero intermedio, contraventeo especial) se tomó el del lado seguro.
B49: # | C49: Tipo de estructura | D49: NTDS Tabla 7 | E49: ASCE 12.2-1 | F49: Tipo para el periodo | H49: Nota
B50: 1 | C50: MARCO RÍGIDO ORDINARIO | D50: A3 | E50: C4 | F50: MARCOS ACERO | H50: Marcos de acero de alma llena con conexiones rígidas, detallado ordinario. ASCE sólo lo permite en SDC D con la excepción de un nivel.
B51: 2 | C51: MARCO RÍGIDO INTERMEDIO | D51: A3 | E51: C3 | F51: MARCOS ACERO | H51: La NTDS no tiene marco de acero intermedio: se toma A3 (ordinario), del lado seguro.
B52: 3 | C52: MARCO RÍGIDO ESPECIAL | D52: A1 | E52: C1 | F52: MARCOS ACERO | H52: Marcos de acero con detallado especial.
B53: 4 | C53: CONTRAVENTEO CONCÉNTRICO ORDINARIO | D53: B2b | E53: B3 | F53: OTROS | H53: Contravientos en X, V o diagonal; los marcos sólo cargan gravedad en esa dirección (sistema B).
B54: 5 | C54: CONTRAVENTEO CONCÉNTRICO ESPECIAL | D54: B2b | E54: B2 | F54: OTROS | H54: Igual con detallado especial; la NTDS no distingue ordinario de especial.
B55: 6 | C55: CONTRAVENTEO EXCÉNTRICO | D55: B2a | E55: B1 | F55: EXCÉNTRICO/BRB | H55: Arriostramiento excéntrico con eslabón.
B56: 7 | C56: CONTRAVENTEO QUE CARGA GRAVEDAD | D56: D2 | E56: B3 | F56: OTROS | H56: Cuando los contravientos también cargan gravedad (sistema D).
B57: 8 | C57: COLUMNAS EN VOLADIZO ORDINARIAS | D57: E1 | E57: G2 | F57: OTROS | H57: Columnas empotradas en la base con trabe articulada (péndulo invertido). ASCE: no permitido en SDC D.
B58: 9 | C58: COLUMNAS EN VOLADIZO ESPECIALES | D58: E1 | E58: G1 | F58: OTROS | H58: Igual con detallado especial; ASCE hasta 10.7 m en SDC D.
B59: 10 | C59: MARCO DE CONCRETO INTERMEDIO | D59: A2 | E59: C6 | F59: MARCOS CONCRETO | H59: Marcos de concreto con detallado intermedio.
B60: 11 | C60: MUROS DE MAMPOSTERÍA REFORZADA | D60: D1b | E60: A7 | F60: PAREDES | H60: Muros de carga de mampostería reforzada que toman el sismo.
B62: PERIODO APROXIMADO — Ct DE LA NTDS (ec. 4.3, pág. 7) Y Ct, x DE ASCE 7-16 (Tabla 12.8-2)
B63: NTDS: T = C_t·h_n^(3/4). ASCE: T_a = C_t·h_n^x. Las dos con h_n en metros (en ASCE son los valores métricos de la tabla).
B64: Tipo | C64: Qué incluye | D64: C_t NTDS | E64: C_t ASCE | F64: x ASCE
B65: MARCOS ACERO | C65: Marcos de acero resistentes a momento (Sistema A de la NTDS) | D65: 0.085 | E65: 0.0724 | F65: 0.8
B66: MARCOS CONCRETO | C66: Marcos de concreto resistentes a momento (Sistema A de la NTDS) | D66: 0.073 | E66: 0.0466 | F66: 0.9
B67: EXCÉNTRICO/BRB | C67: Marcos de acero con arriostramiento excéntrico o de pandeo restringido | D67: 0.049 | E67: 0.0731 | F67: 0.75
B68: PAREDES | C68: Paredes de cortante de concreto o mampostería (la NTDS permite C_t = 0.074/√A_c) | D68: 0.049 | E68: 0.0488 | F68: 0.75
B69: OTROS | C69: Todos los demás sistemas | D69: 0.049 | E69: 0.0488 | F69: 0.75
B71: NTDS TABLA 8 — DERIVA DE ENTREPISO ADMISIBLE Δa (fracción de h_sx) · pág. 24
B72: La deriva se calcula con los desplazamientos multiplicados por C_d (ec. 4.11, pág. 9). S.L. = sin límite.
B73: Tipo | C73: Tipo de edificio | D73: Cat. I | E73: Cat. II | F73: Cat. III
B74: UN PISO ACERO | C74: Edificio de un piso de acero estructural, sin equipo ligado a la estructura y sin acabados frágiles | D74: 0.015 | E74: 0.02 | F74: S.L.
B75: ≤ 4 PISOS | C75: Edificios de 4 pisos o menos y sin acabados frágiles | D75: 0.01 | E75: 0.015 | F75: 0.02
B76: OTROS | C76: Todos los otros edificios | D76: 0.01 | E76: 0.015 | F76: 0.015
B78: ANEXO 37, TABLA 1 — CLASE DE SITIO POR Vs30 · DO Tomo 434, pág. 75
B79: Sustituye la Tabla 20.3-1 de ASCE. El impreso pone «< 1,500» en la clase A: debe leerse más de 1,500 m/s. E y F son ambas < 180 m/s; F es la que exige estudio de respuesta sísmica local. Nombres de clase tomados de ASCE.
B80: Clase | C80: Descripción | D80: Vs30 desde | E80: Vs30 hasta
B81: A | C81: Roca dura | D81: 1500 | E81: —
B82: B | C82: Roca | D82: 760 | E82: 1500
B83: C | C83: Suelo muy denso o roca blanda | D83: 360 | E83: 760
B84: D | C84: Suelo rígido | D84: 180 | E84: 360
B85: E | C85: Suelo blando | D85: 0 | E85: 180
B86: F | C86: Suelo especial: requiere estudio de respuesta sísmica local (RSL) | D86: — | E86: 180
B88: ANEXO 37, TABLA 2 — COEFICIENTES DE SITIO Fa Y Fv · DO Tomo 434, pág. 76
B89: Sustituyen las Tablas 11.4-1 y 11.4-2 de ASCE y no dependen de Ss ni de S1. Para F el Anexo pide estudio según §11.4.8 de ASCE; esta hoja pone los de la clase E sólo para dibujar un espectro de referencia.
B90: Clase | C90: Nota | D90: F_a | E90: F_v
B91: A | D91: 0.97 | E91: 1.72
B92: B | D92: 1.02 | E92: 2.5
B93: C | D93: 1.06 | E93: 2.65
B94: D | D94: 1.16 | E94: 3.25
B95: E | D95: 1.16 | E95: 4
B96: F | C96: Manda el estudio de sitio. Valores de E sólo como referencia | D96: 1.16 | E96: 4
B98: ANEXO 37, PUNTO 2 — ACELERACIONES ESPECTRALES MCE PARA EL AMSS · DO Tomo 434, pág. 76
B99: Un solo par de valores para todo el AMSS, para el sismo con 2% de excedencia en 50 años (≈ 2,500 años de retorno).
B100: Parámetro | C100: Qué es | D100: Valor (g)
B101: S_S | C101: Aceleración espectral en periodo corto (0.2 s) | D101: 2.21
B102: S_1 | C102: Aceleración espectral en 1 s | D102: 0.62
B104: ASCE 7-16 TABLA 1.5-2 — FACTOR DE IMPORTANCIA SÍSMICA Ie
B105: La equivalencia con las categorías de la Reforma OPAMSS (Art. VI.3, DO págs. 68 y 69) es propuesta de esta hoja: la reforma no la escribe.
B106: Cat. de riesgo | C106: Qué es / equivalencia sugerida con OPAMSS | D106: I_e
B107: I | C107: Bajo riesgo para la vida (bodegas agrícolas, instalaciones temporales) | D107: 1
B108: II | C108: Todo lo que no es I, III ni IV — equivale a la Categoría 3 de OPAMSS (ocupación normal) | D108: 1
B109: III | C109: Riesgo sustancial o mucha gente — equivale a la Categoría 2 de OPAMSS (ocupación especial) | D109: 1.25
B110: IV | C110: Esenciales — equivale a la Categoría 1 de OPAMSS (establecimientos esenciales o peligrosos) | D110: 1.5
B112: ASCE 7-16 TABLA 12.8-1 — COEFICIENTE Cu DEL LÍMITE SUPERIOR DEL PERIODO
...

Sheet REFERENCIAS
B1: DE DÓNDE SALE CADA COSA
B2: Todas las páginas son las IMPRESAS: NTDS con la numeración de la Norma; sus Comentarios con la propia; RESESCO con la del Reglamento; la Reforma OPAMSS con la del Diario Oficial Tomo 434, N° 4 (6 de enero de 2022). ASCE 7-16 va por sección porque no está en este paquete.
B4: DOCUMENTOS BASE
B5: Qué | C5: Página | D5: Para qué se usa | E5: Hoja donde cae
B6: NTDS §1.2.3 — qué debe traer la memoria | C6: 1 | D6: Zona, parámetros del sitio, categoría, sistema y coeficiente usado. | E6: DATOS
B7: NTDS §3.5 y §3.6 — regularidad y sistemas | C7: 4 y 5 | D7: Definición de estructura regular y de los sistemas A a E. | E7: DATOS
B8: NTDS §3.9 — cuándo procede el método estático | C8: 6 | D8: Regulares < 70 m (salvo S4 con T > 0.7 s); irregulares ≤ 5 pisos y 20 m. | E8: COEFICIENTE
B9: NTDS §4.1.3 — carga sísmica W | C9: 7 | D9: W = carga muerta + carga viva instantánea. | E9: DATOS
B10: NTDS ec. 4.2 — coeficiente sísmico | C10: 7 | D10: C_s = A·I·C_o/R·(T_o/T)^(2/3), con T_o ≤ T ≤ 6T_o. | E10: COEFICIENTE
B11: NTDS ecs. 4.3 y 4.4 — periodo Método A | C11: 7 | D11: T = C_t·h_n^(3/4); C_t = 0.085 / 0.073 / 0.049 o 0.074/√A_c. | E11: DATOS
B12: NTDS ec. 4.5 y tope del 80% — Método B | C12: 7 y 8 | D12: Con el periodo del modelo, C_s ≥ 80% del de Método A. | E12: COEFICIENTE
B13: NTDS ecs. 4.6 a 4.8 — distribución vertical y F_t | C13: 8 | D13: F_t = 0.07·T·V ≤ 0.25V; cero si T ≤ 0.7 s. | E13: COEFICIENTE
B14: NTDS ec. 4.11 — desplazamientos | C14: 9 | D14: δ_x = C_d·δ_xe. | E14: COEFICIENTE
B15: NTDS §5.2 — espectro de diseño | C15: 11 | D15: Las cuatro ramas de C_sm y la componente vertical de ⅔. | E15: ESPECTROS · TABLA_T_Sa
B16: NTDS §5.4.1 (3) — escalado del dinámico | C16: 12 | D16: 90% (regular) o 100% (irregular) del estático; mínimo 80% con T de Método A. | E16: COEFICIENTE
... B41: STAAD Pro V8i — Technical Reference | C41: manual | D41: Comando SPECTRUM (pares periodo-aceleración, SCALE, DAMP, LIN). | E41: STAAD
B43: CRITERIOS DE ESTA HOJA (LO QUE LA NORMA NO DICE CON TODAS SUS LETRAS)
B44: • La comparación contra la NTDS se hace a nivel último: la NTDS está a esfuerzos permisibles y la RESESCO le pone 1.40 a 1.43 al sismo, mientras ASCE le pone 1.0. Se toma 1.43 (el mayor). Se puede cambiar a DIRECTA en DATOS.
B45: • La equivalencia de categorías OPAMSS → categoría de riesgo ASCE (1 → IV, 2 → III, 3 → II) es propuesta de esta hoja.
B46: • T_L no lo da el Anexo 37: queda capturable, con 8 s propuestos.
B47: • Clase F: la hoja dibuja el espectro con F_a y F_v de la clase E sólo como referencia; manda el estudio de sitio.
B48: • En la Tabla 1 del Anexo la clase A dice «< 1,500»; se tomó más de 1,500 m/s como en ASCE. En los límites exactos (1500, 760, 360, 180 m/s) se asigna la clase más rígida.
B49: • El T_o de S3 viene impreso «0 6»; se tomó 0.6 s.
B50: • ASCE §11.4.8 pediría análisis de sitio (o sus excepciones) para clase D con S_1 ≥ 0.2 g y para clase E; el Anexo 37 da F_a y F_v propios para D y E y sólo exige el estudio en F. La hoja sigue el Anexo: en proyectos grandes confírmalo con OPAMSS.
B51: • Los límites de altura de ASCE están en metros para SDC D; las excepciones de un nivel para naves están en la columna I de la Tabla 12.2-1 (TABLAS).
B52: • La malla de periodos mete exactos los quiebres (T_o/3, T_o, T_0, T_S y T_L); por eso algunos T de la tabla no son redondos.
B53: • El catálogo de naves traduce cada tipo de estructura a un sistema de la Tabla 7 de la NTDS y otro de la Tabla 12.2-1 de ASCE; donde la NTDS no distingue (marco de acero intermedio, contraventeo especial) se tomó el del lado seguro.
B54: • El sistema se elige por dirección: en una nave los marcos resisten en X y los contravientos en Z, con R distinto.
B55: • En STAAD se pega el espectro elástico y el R va en el SCALE de cada dirección.
