Workbook

Sheet Resumen
A1: PESO TOTAL DE LA ESTRUCTURA — NOSE DOCK H5-H6 (R2.4)
A2: Cómo usarlo: 1) En la hoja "Perfiles" captura el kg/m de cada perfil (celdas amarillas). 2) Aquí sale el peso por grupo y el total.
A3: Colores: amarillo con texto azul = lo capturas tú; verde = viene de otra hoja; negro = fórmula.
A5: Grupo | B5: Elementos (piezas) | C5: Longitud total (m) | D5: Peso (kg) | E5: % del total
A6: 1. Columnas principales | B6: =SUMIF(Elementos!$A:$A,A6,Elementos!$F:$F) -> 8 | C6: =SUMIF(Elementos!$A:$A,A6,Elementos!$I:$I) -> 81.32 | D6: =SUMIF(Elementos!$A:$A,A6,Elementos!$K:$K) -> 4879.2 | E6: =IF($D$16=0,0,D6/$D$16) -> 0.41539103
A7: 2. Vigas de marco de techo (VM, dir. X) | B7: =SUMIF(Elementos!$A:$A,A7,Elementos!$F:$F) -> 4 | C7: =SUMIF(Elementos!$A:$A,A7,Elementos!$I:$I) -> 40.32 | D7: =SUMIF(Elementos!$A:$A,A7,Elementos!$K:$K) -> 835.4304 | E7: =IF($D$16=0,0,D7/$D$16) -> 0.071124425
A8: 3. Vigas de alero (VA / VB, dir. Z) | B8: =SUMIF(Elementos!$A:$A,A8,Elementos!$F:$F) -> 6 | C8: =SUMIF(Elementos!$A:$A,A8,Elementos!$I:$I) -> 32.042 | D8: =SUMIF(Elementos!$A:$A,A8,Elementos!$K:$K) -> 663.91024 | E8: =IF($D$16=0,0,D8/$D$16) -> 0.056522044
A9: 4. Largueros de techo (LT) | B9: =SUMIF(Elementos!$A:$A,A9,Elementos!$F:$F) -> 9 | C9: =SUMIF(Elementos!$A:$A,A9,Elementos!$I:$I) -> 90.72 | D9: =SUMIF(Elementos!$A:$A,A9,Elementos!$K:$K) -> 673.1424 | E9: =IF($D$16=0,0,D9/$D$16) -> 0.057308025
A10: 5. Contraflambeos de techo (PIPX7) | B10: =SUMIF(Elementos!$A:$A,A10,Elementos!$F:$F) -> 48 | C10: =SUMIF(Elementos!$A:$A,A10,Elementos!$I:$I) -> 64.08 | D10: =SUMIF(Elementos!$A:$A,A10,Elementos!$K:$K) -> 134.568 | E10: =IF($D$16=0,0,D10/$D$16) -> 0.011456456
A11: 6. Largueros muro 1 (Z = 0, frontal) | B11: =SUMIF(Elementos!$A:$A,A11,Elementos!$F:$F) -> 19 | C11: =SUMIF(Elementos!$A:$A,A11,Elementos!$I:$I) -> 63.909 | D11: =SUMIF(Elementos!$A:$A,A11,Elementos!$K:$K) -> 903.9978 | E11: =IF($D$16=0,0,D11/$D$16) -> 0.076961915
A12: 7. Largueros muro 3 (X = 0, eje A) | B12: =SUMIF(Elementos!$A:$A,A12,Elementos!$F:$F) -> 24 | C12: =SUMIF(Elementos!$A:$A,A12,Elementos!$I:$I) -> 128 | D12: =SUMIF(Elementos!$A:$A,A12,Elementos!$K:$K) -> 1664 | E12: =IF($D$16=0,0,D12/$D$16) -> 0.14166476
A13: 8. Largueros muro 4 (X = 10.08, eje B) | B13: =SUMIF(Elementos!$A:$A,A13,Elementos!$F:$F) -> 24 | C13: =SUMIF(Elementos!$A:$A,A13,Elementos!$I:$I) -> 128 | D13: =SUMIF(Elementos!$A:$A,A13,Elementos!$K:$K) -> 1664 | E13: =IF($D$16=0,0,D13/$D$16) -> 0.14166476
A14: 9. Jambas de cortina | B14: =SUMIF(Elementos!$A:$A,A14,Elementos!$F:$F) -> 2 | C14: =SUMIF(Elementos!$A:$A,A14,Elementos!$I:$I) -> 12.66 | D14: =SUMIF(Elementos!$A:$A,A14,Elementos!$K:$K) -> 293.712 | E14: =IF($D$16=0,0,D14/$D$16) -> 0.025005191
A15: 10. Postes de puerta | B15: =SUMIF(Elementos!$A:$A,A15,Elementos!$F:$F) -> 2 | C15: =SUMIF(Elementos!$A:$A,A15,Elementos!$I:$I) -> 4.8 | D15: =SUMIF(Elementos!$A:$A,A15,Elementos!$K:$K) -> 34.08 | E15: =IF($D$16=0,0,D15/$D$16) -> 0.0029014032
A16: SUBTOTAL ACERO ESTRUCTURAL | B16: =SUM(B6:B15) -> 146 | C16: =SUM(C6:C15) -> 645.851 | D16: =SUM(D6:D15) -> 11746.041 | E16: =IF(D16=0,0,1) -> 1
A18: % adicional por conexiones, placas y tornillería | D18: 0
A19: Peso de conexiones (kg) | D19: =D16*D18 -> 0
A20: PESO TOTAL DE LA ESTRUCTURA (kg) | D20: =D16+D19 -> 11746.041
A21: PESO TOTAL DE LA ESTRUCTURA (t) | D21: =D20/1000 -> 11.746041
A23: Área de techo en planta (m²) | D23: =10.08*16 -> 161.28
A24: Relación peso / área de techo (kg/m²) | D24: =IF(D23=0,0,D20/D23) -> 72.830114
A26: Faltan pesos por capturar (perfiles sin kg/m): | D26: =COUNTBLANK(Perfiles!C5:C12) -> 0

Sheet Perfiles
A1: PESO POR METRO LINEAL DE CADA PERFIL
A2: Escribe en la columna amarilla (C) cuánto quieres que pese cada perfil en kg/m. Todo el libro se calcula con ese valor.
A4: Perfil (nombre STAAD) | B4: Descripción | C4: Peso a usar (kg/m) ← CAPTURA AQUÍ | E4: Origen de la referencia | F4: Longitud total en la estructura (m) | G4: Peso total (kg)
A5: HSST10X10X0.313 | B5: HSS 10x10x5/16" (columnas principales) | C5: 60 | D5: 56.1 | E5: AISC: 40.35 lb/ft (≈ 60.0 kg/m). Verifica con tu proveedor. | F5: =SUMIF(Elementos!$D:$D,A5,Elementos!$I:$I) -> 81.32 | G5: =SUMIF(Elementos!$D:$D,A5,Elementos!$K:$K) -> 4879.2
A6: CC12-12 | B6: Doble C en cajón 12"x7" cal. 12 (vigas de marco y alero) | C6: 20.72 | D6: =26.39*0.785 -> 20.71615 | E6: Área 26.39 cm² × 7,850 kg/m³. Área de la tabla de usuario del .STD (TABLE 9) | F6: =SUMIF(Elementos!$D:$D,A6,Elementos!$I:$I) -> 72.362 | G6: =SUMIF(Elementos!$D:$D,A6,Elementos!$K:$K) -> 1499.3406
A7: C12-14 | B7: Monten C 12" cal. 14 (largueros de techo) | C7: 7.42 | D7: =9.45*0.785 -> 7.41825 | E7: Área 9.45 cm² × 7,850 kg/m³. Área de la tabla de usuario del .STD (TABLE 8) | F7: =SUMIF(Elementos!$D:$D,A7,Elementos!$I:$I) -> 90.72 | G7: =SUMIF(Elementos!$D:$D,A7,Elementos!$K:$K) -> 673.1424
A8: MCC10-14 | B8: Monten en cajón 10" cal. 14 (largueros de muro) | C8: 13 | D8: =16.5577*0.785 -> 12.997795 | E8: Área 16.5577 cm² × 7,850 kg/m³. Área de la tabla de usuario del .STD (TABLE 4) | F8: =SUMIF(Elementos!$D:$D,A8,Elementos!$I:$I) -> 309.829 | G8: =SUMIF(Elementos!$D:$D,A8,Elementos!$K:$K) -> 4027.777
A9: MCC12-12 | B9: Monten en cajón 12" cal. 12 (dintel de cortina) | C9: 20.26 | D9: =25.81*0.785 -> 20.26085 | E9: Área 25.81 cm² × 7,850 kg/m³. Área de la tabla de usuario del .STD (TABLE 4) | F9: =SUMIF(Elementos!$D:$D,A9,Elementos!$I:$I) -> 10.08 | G9: =SUMIF(Elementos!$D:$D,A9,Elementos!$K:$K) -> 204.2208
A10: PIPX7 | B10: Tubo PIPX7 (contraflambeos de techo) | C10: 2.1 | D10: 2.19 | E10: Área 2.63cm2x7850kg/m3 | F10: =SUMIF(Elementos!$D:$D,A10,Elementos!$I:$I) -> 64.08 | G10: =SUMIF(Elementos!$D:$D,A10,Elementos!$K:$K) -> 134.568
A11: HSST5X5X0.25 | B11: HSS 5x5x1/4" (jambas de cortina) | C11: 23.2 | D11: 23.2 | E11: AISC: 15.62 lb/ft (≈ 23.2 kg/m). Verifica con tu proveedor. | F11: =SUMIF(Elementos!$D:$D,A11,Elementos!$I:$I) -> 12.66 | G11: =SUMIF(Elementos!$D:$D,A11,Elementos!$K:$K) -> 293.712
A12: HSST3X3X0.125 | B12: HSS 3x3x1/8" (postes de puerta) | C12: 7.1 | D12: 7.1 | E12: AISC: 4.75 lb/ft (≈ 7.1 kg/m). Verifica con tu proveedor. | F12: =SUMIF(Elementos!$D:$D,A12,Elementos!$I:$I) -> 4.8 | G12: =SUMIF(Elementos!$D:$D,A12,Elementos!$K:$K) -> 34.08
A13: TOTAL | F13: =SUM(F5:F12) -> 645.851 | G13: =SUM(G5:G12) -> 11746.041
G14: 10824
G15: =G13-G14 -> 922.04084
A16: El HSS 12x8x1/4" pesa 32.63 lb/ft, o sea ≈ 48.6 kg/m.

Sheet Elementos
A1: LISTA DE ELEMENTOS FÍSICOS (cada pieza completa, no los tramos de STAAD)
A2: Modelo: 001_NOSE_DOCK_H5_H6_R2.4.STD. Los miembros colineales de STAAD se juntan en una sola pieza; los largueros se cortan en cada columna (su claro real).
A4: Grupo | B4: ID | C4: Descripción / ubicación | D4: Perfil | E4: Miembros STAAD | F4: Piezas | G4: Longitud por pieza (cm) | H4: Longitud total (cm) | I4: Longitud total (m) | J4: Peso (kg/m) | K4: Peso (kg)
A5: 1. Columnas principales | B5: C-A1 | C5: Columna eje A-1 (X = 0.0 m, Z = 0.0 m) | D5: HSST10X10X0.313 | E5: 14 181 193 205 215 225 235 243 251 324 | F5: 1 | G5: =H5/F5 -> 1062 | H5: 1062 | I5: =H5/100 -> 10.62 | J5: =IFERROR(INDEX(Perfiles!$C:$C,MATCH(D5,Perfiles!$A:$A,0)),0) -> 60 | K5: =I5*J5 -> 637.2
A6: 1. Columnas principales | B6: C-A2 | C6: Columna eje A-2 (X = 0.0 m, Z = 6.75 m) | D6: HSST10X10X0.313 | E6: 5 183 195 207 217 227 237 245 253 | F6: 1 | G6: =H6/F6 -> 1028 | H6: 1028 | I6: =H6/100 -> 10.28 | J6: =IFERROR(INDEX(Perfiles!$C:$C,MATCH(D6,Perfiles!$A:$A,0)),0) -> 60 | K6: =I6*J6 -> 616.8
A7: 1. Columnas principales | B7: C-A3 | C7: Columna eje A-3 (X = 0.0 m, Z = 13.5 m) | D7: HSST10X10X0.313 | E7: 4 184 196 208 218 228 238 246 254 | F7: 1 | G7: =H7/F7 -> 994 | H7: 994 | I7: =H7/100 -> 9.94 | J7: =IFERROR(INDEX(Perfiles!$C:$C,MATCH(D7,Perfiles!$A:$A,0)),0) -> 60 | K7: =I7*J7 -> 596.4
A8: 1. Columnas principales | B8: C-A4 | C8: Columna eje A-4 (X = 0.0 m, Z = 16.0 m) | D8: HSST10X10X0.313 | E8: 45 185 197 209 219 229 239 247 255 | F8: 1 | G8: =H8/F8 -> 982 | H8: 982 | I8: =H8/100 -> 9.82 | J8: =IFERROR(INDEX(Perfiles!$C:$C,MATCH(D8,Perfiles!$A:$A,0)),0) -> 60 | K8: =I8*J8 -> 589.2
A9: 1. Columnas principales | B9: C-B1 | C9: Columna eje B-1 (X = 10.08 m, Z = 0.0 m) | D9: HSST10X10X0.313 | E9: 19 182 194 206 216 226 236 244 252 325 | F9: 1 | G9: =H9/F9 -> 1062 | H9: 1062 | I9: =H9/100 -> 10.62 | J9: =IFERROR(INDEX(Perfiles!$C:$C,MATCH(D9,Perfiles!$A:$A,0)),0) -> 60 | K9: =I9*J9 -> 637.2
A10: 1. Columnas principales | B10: C-B2 | C10: Columna eje B-2 (X = 10.08 m, Z = 6.75 m) | D10: HSST10X10X0.313 | E10: 6 186 198 210 220 230 240 248 256 | F10: 1 | G10: =H10/F10 -> 1028 | H10: 1028 | I10: =H10/100 -> 10.28 | J10: =IFERROR(INDEX(Perfiles!$C:$C,MATCH(D10,Perfiles!$A:$A,0)),0) -> 60 | K10: =I10*J10 -> 616.8
A11: 1. Columnas principales | B11: C-B3 | C11: Columna eje B-3 (X = 10.08 m, Z = 13.5 m) | D11: HSST10X10X0.313 | E11: 3 187 199 211 221 231 241 249 257 | F11: 1 | G11: =H11/F11 -> 994 | H11: 994 | I11: =H11/100 -> 9.94 | J11: =IFERROR(INDEX(Perfiles!$C:$C,MATCH(D11,Perfiles!$A:$A,0)),0) -> 60 | K11: =I11*J11 -> 596.4
A12: 1. Columnas principales | B12: C-B4 | C12: Columna eje B-4 (X = 10.08 m, Z = 16.0 m) | D12: HSST10X10X0.313 | E12: 2 188 200 212 222 232 242 250 258 | F12: 1 | G12: =H12/F12 -> 982 | H12: 982 | I12: =H12/100 -> 9.82 | J12: =IFERROR(INDEX(Perfiles!$C:$C,MATCH(D12,Perfiles!$A:$A,0)),0) -> 60 | K12: =I12*J12 -> 589.2
A13: 2. Vigas de marco de techo (VM, dir. X) | B13: VM-1 | C13: Viga de marco eje 1 (Z = 0.0 m) | D13: CC12-12 | E13: 22 85 TO 88 | F13: 1 | G13: =H13/F13 -> 1008 | H13: 1008 | I13: =H13/100 -> 10.08 | J13: =IFERROR(INDEX(Perfiles!$C:$C,MATCH(D13,Perfiles!$A:$A,0)),0) -> 20.72 | K13: =I13*J13 -> 208.8576
A14: 2. Vigas de marco de techo (VM, dir. X) | B14: VM-2 | C14: Viga de marco eje 2 (Z = 6.75 m) | D14: CC12-12 | E14: 9 93 TO 96 | F14: 1 | G14: =H14/F14 -> 1008 | H14: 1008 | I14: =H14/100 -> 10.08 | J14: =IFERROR(INDEX(Perfiles!$C:$C,MATCH(D14,Perfiles!$A:$A,0)),0) -> 20.72 | K14: =I14*J14 -> 208.8576
A15: 2. Vigas de marco de techo (VM, dir. X) | B15: VM-3 | C15: Viga de marco eje 3 (Z = 13.5 m) | D15: CC12-12 | E15: 8 89 TO 92 | F15: 1 | G15: =H15/F15 -> 1008 | H15: 1008 | I15: =H15/100 -> 10.08 | J15: =IFERROR(INDEX(Perfiles!$C:$C,MATCH(D15,Perfiles!$A:$A,0)),0) -> 20.72 | K15: =I15*J15 -> 208.8576
A16: 2. Vigas de marco de techo (VM, dir. X) | B16: VM-4 | C16: Viga de marco eje 4 (Z = 16.0 m) | D16: CC12-12 | E16: 7 81 TO 84 | F16: 1 | G16: =H16/F16 -> 1008 | H16: 1008 | I16: =H16/100 -> 10.08 | J16: =IFERROR(INDEX(Perfiles!$C:$C,MATCH(D16,Perfiles!$A:$A,0)),0) -> 20.72 | K16: =I16*J16 -> 208.8576
... A106: 10. Postes de puerta | B106: P-2 | C106: Poste de puerta X = 1.94 m, H = 2.4 m | D106: HSST3X3X0.125 | E106: 16 190 | F106: 1 | G106: =H106/F106 -> 240 | H106: 240 | I106: =H106/100 -> 2.4 | J106: =IFERROR(INDEX(Perfiles!$C:$C,MATCH(D106,Perfiles!$A:$A,0)),0) -> 7.1 | K106: =I106*J106 -> 17.04
A107: TOTAL | F107: =SUM(F5:F106) -> 146 | H107: =SUM(H5:H106) -> 64585.1 | I107: =SUM(I5:I106) -> 645.851 | K107: =SUM(K5:K106) -> 11746.041
